model,model.label,variable,variable.label,variable.mean,treatment,full.treatment.name,posterior.mean,X5,X95,X25,X75
simple,Fixed effects only,temperature,Temperature (C),16.69666667,A,Balled-and-burlapped,16.42230486,16.04698831,16.79777094,16.27208486,16.57625712
simple,Fixed effects only,temperature,Temperature (C),16.69666667,B,Bareroot,16.39539871,16.01777301,16.76772162,16.25041709,16.55812745
simple,Fixed effects only,temperature,Temperature (C),16.69666667,C,Seedling,16.12189127,15.75391901,16.50460313,15.9759051,16.28175146
simple,Fixed effects only,temperature,Temperature (C),16.69666667,D,Acorn,17.38805169,17.02390874,17.77155748,17.24251938,17.54790981
simple,Fixed effects only,temperature,Temperature (C),16.69666667,E,Seedbank,17.04221598,16.67248023,17.42296407,16.90008536,17.2054557
simple,Fixed effects only,temperature,Temperature (C),16.69666667,R,Reference,16.78184862,16.418212,17.16663666,16.63283534,16.94085915
strip.random,Strip random effects,temperature,Temperature (C),16.69666667,A,Balled-and-burlapped,16.38334589,15.82720121,16.9751705,16.19081839,16.6224738
strip.random,Strip random effects,temperature,Temperature (C),16.69666667,B,Bareroot,16.39523207,15.88182286,16.90096461,16.21760435,16.6096467
strip.random,Strip random effects,temperature,Temperature (C),16.69666667,C,Seedling,16.11786559,15.62697792,16.62176279,15.92663249,16.31478563
strip.random,Strip random effects,temperature,Temperature (C),16.69666667,D,Acorn,17.31043508,16.72791929,17.91364959,17.1296204,17.57498158
strip.random,Strip random effects,temperature,Temperature (C),16.69666667,E,Seedbank,17.04060779,16.5465349,17.56946539,16.8468334,17.24337473
strip.random,Strip random effects,temperature,Temperature (C),16.69666667,R,Reference,16.77936885,16.06527336,17.5047381,16.53047044,17.04023724
strip.plot.random,Strip and plot random effects,temperature,Temperature (C),16.69666667,A,Balled-and-burlapped,16.39678062,15.57020978,17.21721114,16.11709911,16.74074965
strip.plot.random,Strip and plot random effects,temperature,Temperature (C),16.69666667,B,Bareroot,16.39118658,15.63960458,17.18556719,16.1062465,16.69868517
strip.plot.random,Strip and plot random effects,temperature,Temperature (C),16.69666667,C,Seedling,16.11485362,15.37155027,16.9133632,15.83914588,16.43530415
strip.plot.random,Strip and plot random effects,temperature,Temperature (C),16.69666667,D,Acorn,17.34553572,16.51227989,18.25012053,17.01368138,17.67112869
strip.plot.random,Strip and plot random effects,temperature,Temperature (C),16.69666667,E,Seedbank,17.0377344,16.26899354,17.87124989,16.75531411,17.36749899
strip.plot.random,Strip and plot random effects,temperature,Temperature (C),16.69666667,R,Reference,16.76934905,15.88408783,17.72750967,16.43415514,17.11517799
simple,Fixed effects only,gravimetric.moisture,Gravitational moisture (%),27.87420834,A,Balled-and-burlapped,26.91151077,25.40024616,28.55059382,26.34287775,27.63562356
simple,Fixed effects only,gravimetric.moisture,Gravitational moisture (%),27.87420834,B,Bareroot,25.64401004,24.14533446,27.3067143,25.06858208,26.35402201
simple,Fixed effects only,gravimetric.moisture,Gravitational moisture (%),27.87420834,C,Seedling,25.39950184,23.87951148,27.04630371,24.81115776,26.09615816
simple,Fixed effects only,gravimetric.moisture,Gravitational moisture (%),27.87420834,D,Acorn,30.48935906,28.96794197,32.12180589,29.92716295,31.2056335
simple,Fixed effects only,gravimetric.moisture,Gravitational moisture (%),27.87420834,E,Seedbank,28.78045864,27.23442373,30.40912151,28.21750551,29.5083201
simple,Fixed effects only,gravimetric.moisture,Gravitational moisture (%),27.87420834,R,Reference,29.72680709,28.18716133,31.35241543,29.14224128,30.42219268
strip.random,Strip random effects,gravimetric.moisture,Gravitational moisture (%),27.87420834,A,Balled-and-burlapped,27.07332427,24.40645755,30.13309202,26.05503654,28.19702515
strip.random,Strip random effects,gravimetric.moisture,Gravitational moisture (%),27.87420834,B,Bareroot,25.61148774,23.36321214,28.14132418,24.69541001,26.52395705
strip.random,Strip random effects,gravimetric.moisture,Gravitational moisture (%),27.87420834,C,Seedling,25.37028702,23.13894689,27.87201102,24.54992664,26.36939741
strip.random,Strip random effects,gravimetric.moisture,Gravitational moisture (%),27.87420834,D,Acorn,31.01525833,28.02992817,34.32175113,29.7835066,32.09426906
strip.random,Strip random effects,gravimetric.moisture,Gravitational moisture (%),27.87420834,E,Seedbank,28.73736335,26.26266246,31.3515892,27.81584157,29.73355228
strip.random,Strip random effects,gravimetric.moisture,Gravitational moisture (%),27.87420834,R,Reference,29.73649401,26.05244596,34.04515249,28.4021332,31.22703341
strip.plot.random,Strip and plot random effects,gravimetric.moisture,Gravitational moisture (%),27.87420834,A,Balled-and-burlapped,27.0137968,24.2590477,30.12740085,25.88612283,28.07954873
strip.plot.random,Strip and plot random effects,gravimetric.moisture,Gravitational moisture (%),27.87420834,B,Bareroot,25.59304555,23.23675898,28.32332029,24.71585714,26.68370934
strip.plot.random,Strip and plot random effects,gravimetric.moisture,Gravitational moisture (%),27.87420834,C,Seedling,25.36145071,22.93169959,27.99916779,24.46039747,26.41480053
strip.plot.random,Strip and plot random effects,gravimetric.moisture,Gravitational moisture (%),27.87420834,D,Acorn,30.84905642,27.72687172,34.24271549,29.55271637,31.9610834
strip.plot.random,Strip and plot random effects,gravimetric.moisture,Gravitational moisture (%),27.87420834,E,Seedbank,28.73452026,26.08305108,31.56893375,27.69251928,29.78094437
strip.plot.random,Strip and plot random effects,gravimetric.moisture,Gravitational moisture (%),27.87420834,R,Reference,29.71817372,26.11132968,33.87855926,28.42812722,31.1714921
simple,Fixed effects only,bulk.density,Bulk density (g/cm3),0.877572124,A,Balled-and-burlapped,0.952073046,0.915758443,0.989558427,0.936854227,0.966774559
simple,Fixed effects only,bulk.density,Bulk density (g/cm3),0.877572124,B,Bareroot,0.85617821,0.820060523,0.894311,0.841846928,0.87190175
simple,Fixed effects only,bulk.density,Bulk density (g/cm3),0.877572124,C,Seedling,0.859393353,0.823515204,0.897250625,0.844452726,0.874484983
simple,Fixed effects only,bulk.density,Bulk density (g/cm3),0.877572124,D,Acorn,0.773795695,0.737932347,0.812269164,0.759834537,0.789997092
simple,Fixed effects only,bulk.density,Bulk density (g/cm3),0.877572124,E,Seedbank,0.886089479,0.850100679,0.923949218,0.872371673,0.902426897
simple,Fixed effects only,bulk.density,Bulk density (g/cm3),0.877572124,R,Reference,0.932673349,0.896620951,0.970434954,0.918804451,0.948836573
strip.random,Strip random effects,bulk.density,Bulk density (g/cm3),0.877572124,A,Balled-and-burlapped,0.951429231,0.89607089,1.009846132,0.930905526,0.972729165
strip.random,Strip random effects,bulk.density,Bulk density (g/cm3),0.877572124,B,Bareroot,0.856062074,0.809289788,0.905031006,0.83918105,0.876538926
strip.random,Strip random effects,bulk.density,Bulk density (g/cm3),0.877572124,C,Seedling,0.859221762,0.811049354,0.907709826,0.841365089,0.878764088
strip.random,Strip random effects,bulk.density,Bulk density (g/cm3),0.877572124,D,Acorn,0.77200315,0.723214063,0.825337002,0.754188782,0.793130289
strip.random,Strip random effects,bulk.density,Bulk density (g/cm3),0.877572124,E,Seedbank,0.885886368,0.838039935,0.936135554,0.867262052,0.905090694
strip.random,Strip random effects,bulk.density,Bulk density (g/cm3),0.877572124,R,Reference,0.931897417,0.866565622,1.005901958,0.908888437,0.956730623
strip.plot.random,Strip and plot random effects,bulk.density,Bulk density (g/cm3),0.877572124,A,Balled-and-burlapped,0.951360843,0.888194673,1.012012786,0.92813517,0.974470246
strip.plot.random,Strip and plot random effects,bulk.density,Bulk density (g/cm3),0.877572124,B,Bareroot,0.855975565,0.803737241,0.910501148,0.8355341,0.87677933
strip.plot.random,Strip and plot random effects,bulk.density,Bulk density (g/cm3),0.877572124,C,Seedling,0.858991213,0.806628285,0.914184992,0.839155723,0.880475512
strip.plot.random,Strip and plot random effects,bulk.density,Bulk density (g/cm3),0.877572124,D,Acorn,0.77179428,0.718765178,0.827704876,0.753320322,0.795274531
strip.plot.random,Strip and plot random effects,bulk.density,Bulk density (g/cm3),0.877572124,E,Seedbank,0.885074286,0.833503244,0.943676542,0.865896706,0.908165622
strip.plot.random,Strip and plot random effects,bulk.density,Bulk density (g/cm3),0.877572124,R,Reference,0.93197579,0.859753928,1.004382814,0.906296973,0.957854553
simple,Fixed effects only,root.fragment.density,Root and wood fragment density (g/cm3),0.001320692,A,Balled-and-burlapped,0.000672744,0.000267665,0.001710344,0.000572158,0.001194439
simple,Fixed effects only,root.fragment.density,Root and wood fragment density (g/cm3),0.001320692,B,Bareroot,0.000882048,0.000384769,0.002091143,0.000798734,0.001532361
simple,Fixed effects only,root.fragment.density,Root and wood fragment density (g/cm3),0.001320692,C,Seedling,0.001598894,0.000892927,0.002866655,0.001474461,0.002297737
simple,Fixed effects only,root.fragment.density,Root and wood fragment density (g/cm3),0.001320692,D,Acorn,0.000573496,0.000219774,0.001497043,0.000462879,0.001008311
simple,Fixed effects only,root.fragment.density,Root and wood fragment density (g/cm3),0.001320692,E,Seedbank,0.000544266,0.000208276,0.001449838,0.000441109,0.000968367
simple,Fixed effects only,root.fragment.density,Root and wood fragment density (g/cm3),0.001320692,R,Reference,0.003100765,0.00226933,0.004238364,0.002873521,0.003678481
strip.random,Strip random effects,root.fragment.density,Root and wood fragment density (g/cm3),0.001320692,A,Balled-and-burlapped,0.000669058,0.000247187,0.001869123,0.000533311,0.001190236
strip.random,Strip random effects,root.fragment.density,Root and wood fragment density (g/cm3),0.001320692,B,Bareroot,0.000830842,0.000332958,0.002122765,0.000699321,0.001449974
strip.random,Strip random effects,root.fragment.density,Root and wood fragment density (g/cm3),0.001320692,C,Seedling,0.001505634,0.000727157,0.003032017,0.001335318,0.00228271
strip.random,Strip random effects,root.fragment.density,Root and wood fragment density (g/cm3),0.001320692,D,Acorn,0.000581867,0.000206253,0.001625822,0.000434741,0.001001906
strip.random,Strip random effects,root.fragment.density,Root and wood fragment density (g/cm3),0.001320692,E,Seedbank,0.000530141,0.000196323,0.001488551,0.000418665,0.000956593
strip.random,Strip random effects,root.fragment.density,Root and wood fragment density (g/cm3),0.001320692,R,Reference,0.002759931,0.00138504,0.005230474,0.002445097,0.003808006
strip.plot.random,Strip and plot random effects,root.fragment.density,Root and wood fragment density (g/cm3),0.001320692,A,Balled-and-burlapped,0.000640137,0.000209324,0.001961491,0.000461315,0.001113297
strip.plot.random,Strip and plot random effects,root.fragment.density,Root and wood fragment density (g/cm3),0.001320692,B,Bareroot,0.000784194,0.00027169,0.002198655,0.000607223,0.001387923
strip.plot.random,Strip and plot random effects,root.fragment.density,Root and wood fragment density (g/cm3),0.001320692,C,Seedling,0.001368118,0.000564925,0.003321686,0.001106024,0.002193439
strip.plot.random,Strip and plot random effects,root.fragment.density,Root and wood fragment density (g/cm3),0.001320692,D,Acorn,0.000558222,0.00017629,0.001716307,0.000396136,0.000980254
strip.plot.random,Strip and plot random effects,root.fragment.density,Root and wood fragment density (g/cm3),0.001320692,E,Seedbank,0.000513114,0.00016616,0.001547285,0.000352482,0.000860123
strip.plot.random,Strip and plot random effects,root.fragment.density,Root and wood fragment density (g/cm3),0.001320692,R,Reference,0.002308291,0.000923304,0.005697579,0.001858416,0.003659445
simple,Fixed effects only,sand,Sand (%),40.73333333,A,Balled-and-burlapped,38.01016347,36.12157461,40.07483437,37.22297886,38.82867406
simple,Fixed effects only,sand,Sand (%),40.73333333,B,Bareroot,39.34611702,37.4065077,41.34793819,38.59261888,40.19804871
simple,Fixed effects only,sand,Sand (%),40.73333333,C,Seedling,40.08445814,38.1421691,42.08295023,39.30846457,40.91201504
simple,Fixed effects only,sand,Sand (%),40.73333333,D,Acorn,40.08373977,38.16310712,42.09050983,39.33235695,40.9328242
simple,Fixed effects only,sand,Sand (%),40.73333333,E,Seedbank,41.01175805,39.11574267,43.05450064,40.2742638,41.87690872
simple,Fixed effects only,sand,Sand (%),40.73333333,R,Reference,45.54607055,43.58847965,47.53585899,44.78683218,46.39636799
strip.random,Strip random effects,sand,Sand (%),40.73333333,A,Balled-and-burlapped,37.6667244,34.53548101,40.98625235,36.55712874,38.94714806
strip.random,Strip random effects,sand,Sand (%),40.73333333,B,Bareroot,39.32075649,36.52097961,42.2548008,38.28277181,40.47838215
strip.random,Strip random effects,sand,Sand (%),40.73333333,C,Seedling,40.04938307,37.21823633,43.0282412,39.03935541,41.24905559
strip.random,Strip random effects,sand,Sand (%),40.73333333,D,Acorn,40.13302439,36.99366958,43.62940207,38.89124394,41.33744326
strip.random,Strip random effects,sand,Sand (%),40.73333333,E,Seedbank,40.99939127,38.11174018,43.97931526,39.95050872,42.19113303
strip.random,Strip random effects,sand,Sand (%),40.73333333,R,Reference,45.55655861,41.152394,50.47903723,43.95820397,47.14915332
strip.plot.random,Strip and plot random effects,sand,Sand (%),40.73333333,A,Balled-and-burlapped,37.78206591,34.23002683,41.79593199,36.409802,39.30145475
strip.plot.random,Strip and plot random effects,sand,Sand (%),40.73333333,B,Bareroot,39.26684266,35.70789353,43.02865343,37.94849216,40.74955629
strip.plot.random,Strip and plot random effects,sand,Sand (%),40.73333333,C,Seedling,40.00617884,36.5365137,43.90747605,38.63059645,41.47197322
strip.plot.random,Strip and plot random effects,sand,Sand (%),40.73333333,D,Acorn,40.07828315,36.36705756,44.27070771,38.66096221,41.64138301
strip.plot.random,Strip and plot random effects,sand,Sand (%),40.73333333,E,Seedbank,40.90104731,37.29758918,44.89001119,39.54740196,42.40968789
strip.plot.random,Strip and plot random effects,sand,Sand (%),40.73333333,R,Reference,45.40077234,40.67129498,50.88323559,43.71953411,47.36576716
simple,Fixed effects only,silt,Silt (%),42.11111111,A,Balled-and-burlapped,44.48703731,42.65727093,46.3777273,43.75209365,45.28051317
simple,Fixed effects only,silt,Silt (%),42.11111111,B,Bareroot,42.62234849,40.8435716,44.57395915,41.92533446,43.42850819
simple,Fixed effects only,silt,Silt (%),42.11111111,C,Seedling,43.09099755,41.32292413,45.03082447,42.3782989,43.88636234
simple,Fixed effects only,silt,Silt (%),42.11111111,D,Acorn,42.5567221,40.75056394,44.46651471,41.81955091,43.32945086
simple,Fixed effects only,silt,Silt (%),42.11111111,E,Seedbank,41.48416139,39.71107518,43.43926924,40.78087756,42.29651361
simple,Fixed effects only,silt,Silt (%),42.11111111,R,Reference,38.14810817,36.31849863,39.99913952,37.45210585,38.94948285
strip.random,Strip random effects,silt,Silt (%),42.11111111,A,Balled-and-burlapped,44.67904173,42.03909894,47.56089771,43.64148388,45.71578481
strip.random,Strip random effects,silt,Silt (%),42.11111111,B,Bareroot,42.58527708,40.20624597,45.05885307,41.74107597,43.62361806
strip.random,Strip random effects,silt,Silt (%),42.11111111,C,Seedling,43.05941551,40.63966142,45.5081265,42.12769771,44.00143783
strip.random,Strip random effects,silt,Silt (%),42.11111111,D,Acorn,42.43719336,39.88337137,45.29021826,41.54941905,43.57405996
strip.random,Strip random effects,silt,Silt (%),42.11111111,E,Seedbank,41.4886484,39.14319175,43.93691184,40.59339785,42.45818073
strip.random,Strip random effects,silt,Silt (%),42.11111111,R,Reference,38.19049003,35.22078788,41.32088844,37.08423607,39.31402655
strip.plot.random,Strip and plot random effects,silt,Silt (%),42.11111111,A,Balled-and-burlapped,44.49563763,40.03021821,49.25905375,42.72624753,46.2165967
strip.plot.random,Strip and plot random effects,silt,Silt (%),42.11111111,B,Bareroot,42.59584994,38.63907813,47.02963201,41.15765643,44.40178619
strip.plot.random,Strip and plot random effects,silt,Silt (%),42.11111111,C,Seedling,43.06244444,39.0455116,47.57980275,41.51821311,44.77865792
strip.plot.random,Strip and plot random effects,silt,Silt (%),42.11111111,D,Acorn,42.4188445,38.23671384,47.09066687,40.75738369,44.08105039
strip.plot.random,Strip and plot random effects,silt,Silt (%),42.11111111,E,Seedbank,41.42459743,37.59300233,45.9006686,39.90862307,43.06213342
strip.plot.random,Strip and plot random effects,silt,Silt (%),42.11111111,R,Reference,38.06985667,33.97579263,42.82576887,36.52565494,39.77702602
simple,Fixed effects only,clay,Clay (%),17.15555556,A,Balled-and-burlapped,17.37461064,16.46377387,18.32548738,17.02457894,17.78379402
simple,Fixed effects only,clay,Clay (%),17.15555556,B,Bareroot,17.90343226,17.00068668,18.85695842,17.5589827,18.31296791
simple,Fixed effects only,clay,Clay (%),17.15555556,C,Seedling,16.70556789,15.82358407,17.69038947,16.34864655,17.10866504
simple,Fixed effects only,clay,Clay (%),17.15555556,D,Acorn,17.24065605,16.33612651,18.1930735,16.89209458,17.64946989
simple,Fixed effects only,clay,Clay (%),17.15555556,E,Seedbank,17.37265917,16.46962011,18.33747528,17.03230975,17.79187003
simple,Fixed effects only,clay,Clay (%),17.15555556,R,Reference,16.17394298,15.26835185,17.13764062,15.83522927,16.59480598
strip.random,Strip random effects,clay,Clay (%),17.15555556,A,Balled-and-burlapped,17.39687523,16.08016344,18.88993496,16.92438162,17.98454004
strip.random,Strip random effects,clay,Clay (%),17.15555556,B,Bareroot,17.88341196,16.591754,19.11467809,17.43843359,18.41330646
strip.random,Strip random effects,clay,Clay (%),17.15555556,C,Seedling,16.70540685,15.52202562,17.98140006,16.268932,17.22414262
strip.random,Strip random effects,clay,Clay (%),17.15555556,D,Acorn,17.26258379,15.94951048,18.78596003,16.80471388,17.85643998
strip.random,Strip random effects,clay,Clay (%),17.15555556,E,Seedbank,17.3316533,16.11878558,18.676463,16.91756766,17.88991051
strip.random,Strip random effects,clay,Clay (%),17.15555556,R,Reference,16.19448453,14.58549369,17.91107846,15.63934164,16.8052656
strip.plot.random,Strip and plot random effects,clay,Clay (%),17.15555556,A,Balled-and-burlapped,17.36330141,15.59564517,19.23480534,16.67305944,18.04603391
strip.plot.random,Strip and plot random effects,clay,Clay (%),17.15555556,B,Bareroot,17.88091042,16.17143323,19.68163062,17.23329226,18.56386389
strip.plot.random,Strip and plot random effects,clay,Clay (%),17.15555556,C,Seedling,16.66080328,15.07409157,18.44483016,16.06712208,17.34952713
strip.plot.random,Strip and plot random effects,clay,Clay (%),17.15555556,D,Acorn,17.25133166,15.55263947,19.2155453,16.58816551,17.96298926
strip.plot.random,Strip and plot random effects,clay,Clay (%),17.15555556,E,Seedbank,17.34949495,15.71901507,19.16299106,16.67536405,17.97897324
strip.plot.random,Strip and plot random effects,clay,Clay (%),17.15555556,R,Reference,16.1584196,14.30835018,18.21153387,15.47252107,16.90121295
simple,Fixed effects only,ph,pH,7.636666667,A,Balled-and-burlapped,7.692937481,7.625018952,7.762767001,7.66712086,7.723562672
simple,Fixed effects only,ph,pH,7.636666667,B,Bareroot,7.739636143,7.672199428,7.810504724,7.713670552,7.769998569
simple,Fixed effects only,ph,pH,7.636666667,C,Seedling,7.652856788,7.583730781,7.722330952,7.625728397,7.681991534
simple,Fixed effects only,ph,pH,7.636666667,D,Acorn,7.633107076,7.563026429,7.701964887,7.604707298,7.661748506
simple,Fixed effects only,ph,pH,7.636666667,E,Seedbank,7.599558556,7.530278479,7.669004766,7.572552522,7.629119729
simple,Fixed effects only,ph,pH,7.636666667,R,Reference,7.499655966,7.430149106,7.569357681,7.472838137,7.529140884
strip.random,Strip random effects,ph,pH,7.636666667,A,Balled-and-burlapped,7.692365778,7.609569952,7.778115547,7.659199203,7.725517536
strip.random,Strip random effects,ph,pH,7.636666667,B,Bareroot,7.739421918,7.661157421,7.819805119,7.707690198,7.771024891
strip.random,Strip random effects,ph,pH,7.636666667,C,Seedling,7.653522145,7.573361812,7.731739437,7.619874363,7.683623936
strip.random,Strip random effects,ph,pH,7.636666667,D,Acorn,7.630831896,7.548637759,7.715486649,7.597985932,7.664214299
strip.random,Strip random effects,ph,pH,7.636666667,E,Seedbank,7.599741423,7.520401956,7.678511743,7.570195702,7.63340123
strip.random,Strip random effects,ph,pH,7.636666667,R,Reference,7.498847372,7.407095647,7.597180945,7.464486532,7.536321651
strip.plot.random,Strip and plot random effects,ph,pH,7.636666667,A,Balled-and-burlapped,7.692115417,7.597826308,7.785648055,7.656799158,7.73003717
strip.plot.random,Strip and plot random effects,ph,pH,7.636666667,B,Bareroot,7.73998166,7.65139995,7.828726171,7.705823201,7.775513622
strip.plot.random,Strip and plot random effects,ph,pH,7.636666667,C,Seedling,7.652827039,7.565138934,7.741077232,7.615142562,7.685039078
strip.plot.random,Strip and plot random effects,ph,pH,7.636666667,D,Acorn,7.630905559,7.538180682,7.72404932,7.595462316,7.66825819
strip.plot.random,Strip and plot random effects,ph,pH,7.636666667,E,Seedbank,7.599547596,7.511409492,7.68721235,7.565742559,7.635474515
strip.plot.random,Strip and plot random effects,ph,pH,7.636666667,R,Reference,7.499512917,7.395437656,7.600167168,7.460284956,7.537492458
simple,Fixed effects only,p,P (ppm),106.2333333,A,Balled-and-burlapped,111.2213585,105.4921053,117.3625506,108.896067,113.7147091
simple,Fixed effects only,p,P (ppm),106.2333333,B,Bareroot,114.611816,108.6274139,120.5186868,112.3378007,117.2024923
simple,Fixed effects only,p,P (ppm),106.2333333,C,Seedling,110.8136769,105.0581973,117.0438905,108.5610003,113.4453908
simple,Fixed effects only,p,P (ppm),106.2333333,D,Acorn,110.8898185,105.1582897,117.0228776,108.5713206,113.3688691
simple,Fixed effects only,p,P (ppm),106.2333333,E,Seedbank,107.4745707,101.809171,113.6536183,105.1264243,109.9888713
simple,Fixed effects only,p,P (ppm),106.2333333,R,Reference,81.27302693,75.56920399,87.47451851,79.14922231,83.9721583
strip.random,Strip random effects,p,P (ppm),106.2333333,A,Balled-and-burlapped,110.9350173,102.9072445,119.4809275,108.0377716,114.2637625
strip.random,Strip random effects,p,P (ppm),106.2333333,B,Bareroot,114.5365962,107.2877704,122.348999,111.5955707,117.4749734
strip.random,Strip random effects,p,P (ppm),106.2333333,C,Seedling,110.7188256,103.5335899,118.5299263,108.0218897,113.8813553
strip.random,Strip random effects,p,P (ppm),106.2333333,D,Acorn,111.0704741,103.0336382,119.4817293,107.9432718,114.2084549
strip.random,Strip random effects,p,P (ppm),106.2333333,E,Seedbank,107.4616171,100.2185226,115.0065989,104.7321091,110.52738
strip.random,Strip random effects,p,P (ppm),106.2333333,R,Reference,81.32679464,73.5704022,89.99244233,78.19402807,84.42179928
strip.plot.random,Strip and plot random effects,p,P (ppm),106.2333333,A,Balled-and-burlapped,110.8822999,101.5187367,121.3198772,107.2538119,114.7457418
strip.plot.random,Strip and plot random effects,p,P (ppm),106.2333333,B,Bareroot,114.421783,105.4376717,124.4991868,110.9160144,118.1175194
strip.plot.random,Strip and plot random effects,p,P (ppm),106.2333333,C,Seedling,110.6827786,101.6748706,120.2583196,107.4141789,114.5243074
strip.plot.random,Strip and plot random effects,p,P (ppm),106.2333333,D,Acorn,110.9109014,101.2146248,121.0087589,107.5481806,115.0487244
strip.plot.random,Strip and plot random effects,p,P (ppm),106.2333333,E,Seedbank,107.3420866,98.67245235,116.8655884,104.0548422,111.0502168
strip.plot.random,Strip and plot random effects,p,P (ppm),106.2333333,R,Reference,81.2585238,72.70647566,91.00797644,78.12250723,85.06625256
simple,Fixed effects only,k,K (ppm),67.74444444,A,Balled-and-burlapped,61.52135838,53.73837089,71.03581547,58.71015693,65.77063287
simple,Fixed effects only,k,K (ppm),67.74444444,B,Bareroot,64.64174715,56.63366223,73.93389884,61.87680771,68.87236858
simple,Fixed effects only,k,K (ppm),67.74444444,C,Seedling,53.4040119,45.63293352,62.90357428,50.61446772,57.66966124
simple,Fixed effects only,k,K (ppm),67.74444444,D,Acorn,84.26193662,76.29983584,93.72254025,81.28798961,88.28726556
simple,Fixed effects only,k,K (ppm),67.74444444,E,Seedbank,76.60948243,68.54260805,85.78900676,73.50423869,80.57262303
simple,Fixed effects only,k,K (ppm),67.74444444,R,Reference,62.36532577,54.57002134,71.96486799,59.41974128,66.51379574
strip.random,Strip random effects,k,K (ppm),67.74444444,A,Balled-and-burlapped,60.96757981,51.42634999,72.32311305,57.55760781,65.77867936
strip.random,Strip random effects,k,K (ppm),67.74444444,B,Bareroot,64.51531255,55.23942299,75.31277605,61.15556777,69.1228016
strip.random,Strip random effects,k,K (ppm),67.74444444,C,Seedling,53.22178587,44.43980013,63.64502148,50.10443294,57.81124448
strip.random,Strip random effects,k,K (ppm),67.74444444,D,Acorn,83.76074267,72.73735419,96.38922169,79.8524359,88.84539471
strip.random,Strip random effects,k,K (ppm),67.74444444,E,Seedbank,76.49608171,66.44102723,87.32126019,72.9520324,81.18466381
strip.random,Strip random effects,k,K (ppm),67.74444444,R,Reference,62.42505212,51.19339279,74.93693207,58.36439446,67.37529439
strip.plot.random,Strip and plot random effects,k,K (ppm),67.74444444,A,Balled-and-burlapped,60.72350728,48.67460661,75.49770677,56.01289929,66.2239874
strip.plot.random,Strip and plot random effects,k,K (ppm),67.74444444,B,Bareroot,64.22766289,52.22484207,78.69598294,59.74444587,69.80994221
strip.plot.random,Strip and plot random effects,k,K (ppm),67.74444444,C,Seedling,53.01247488,42.64019394,66.5796733,48.9399907,58.30776131
strip.plot.random,Strip and plot random effects,k,K (ppm),67.74444444,D,Acorn,83.45358029,68.36378161,101.7391113,77.90591576,90.19035609
strip.plot.random,Strip and plot random effects,k,K (ppm),67.74444444,E,Seedbank,75.94364469,62.93037387,92.42612682,71.07712555,82.21430884
strip.plot.random,Strip and plot random effects,k,K (ppm),67.74444444,R,Reference,62.44103538,49.15477738,79.10252134,57.37272031,68.4234438
simple,Fixed effects only,ca,Ca (ppm),6541.288889,A,Balled-and-burlapped,6694.514277,6397.893754,7012.570386,6580.952175,6829.289038
simple,Fixed effects only,ca,Ca (ppm),6541.288889,B,Bareroot,6418.440636,6124.179468,6732.325007,6306.710778,6553.806031
simple,Fixed effects only,ca,Ca (ppm),6541.288889,C,Seedling,6360.529759,6063.926888,6676.962177,6244.511272,6492.387615
simple,Fixed effects only,ca,Ca (ppm),6541.288889,D,Acorn,7078.26422,6772.133632,7380.101587,6961.582137,7209.609144
simple,Fixed effects only,ca,Ca (ppm),6541.288889,E,Seedbank,6629.269281,6339.917448,6949.741556,6521.470533,6769.550866
simple,Fixed effects only,ca,Ca (ppm),6541.288889,R,Reference,6019.808075,5721.573423,6330.675048,5906.283685,6153.905659
strip.random,Strip random effects,ca,Ca (ppm),6541.288889,A,Balled-and-burlapped,6664.385387,6234.055229,7138.213448,6520.636396,6864.733381
strip.random,Strip random effects,ca,Ca (ppm),6541.288889,B,Bareroot,6416.932487,6021.397675,6827.208661,6269.649946,6585.02978
strip.random,Strip random effects,ca,Ca (ppm),6541.288889,C,Seedling,6357.405418,5976.082632,6772.659959,6213.289064,6522.544958
strip.random,Strip random effects,ca,Ca (ppm),6541.288889,D,Acorn,7026.608268,6572.380034,7517.793433,6875.344389,7228.324609
strip.random,Strip random effects,ca,Ca (ppm),6541.288889,E,Seedbank,6625.009036,6234.709851,7051.298661,6468.976799,6782.087947
strip.random,Strip random effects,ca,Ca (ppm),6541.288889,R,Reference,6023.389777,5506.648747,6558.765216,5849.206134,6225.389603
strip.plot.random,Strip and plot random effects,ca,Ca (ppm),6541.288889,A,Balled-and-burlapped,6672.815365,6096.572474,7303.953389,6434.532377,6891.767689
strip.plot.random,Strip and plot random effects,ca,Ca (ppm),6541.288889,B,Bareroot,6412.426091,5874.803273,6981.982663,6213.146313,6633.406034
strip.plot.random,Strip and plot random effects,ca,Ca (ppm),6541.288889,C,Seedling,6346.344231,5831.534264,6935.532936,6152.38265,6571.962442
strip.plot.random,Strip and plot random effects,ca,Ca (ppm),6541.288889,D,Acorn,7035.013279,6415.1208,7701.661433,6824.81886,7308.405835
strip.plot.random,Strip and plot random effects,ca,Ca (ppm),6541.288889,E,Seedbank,6613.962713,6062.786917,7214.929528,6407.010374,6843.084326
strip.plot.random,Strip and plot random effects,ca,Ca (ppm),6541.288889,R,Reference,6007.910232,5429.815391,6693.986307,5783.252045,6244.460157
simple,Fixed effects only,mg,Mg (ppm),560.5888889,A,Balled-and-burlapped,513.8875307,481.968782,548.3779378,501.6286338,528.7226729
simple,Fixed effects only,mg,Mg (ppm),560.5888889,B,Bareroot,557.982105,525.7321153,591.9528747,545.2577584,572.1811248
simple,Fixed effects only,mg,Mg (ppm),560.5888889,C,Seedling,541.1468674,508.9690817,574.8055159,527.9441136,554.6600663
simple,Fixed effects only,mg,Mg (ppm),560.5888889,D,Acorn,548.9952819,517.5894276,583.7918975,536.8147857,563.8301404
simple,Fixed effects only,mg,Mg (ppm),560.5888889,E,Seedbank,526.7130406,494.3282764,560.4271806,515.3401732,542.2734542
simple,Fixed effects only,mg,Mg (ppm),560.5888889,R,Reference,668.1665723,636.0991417,702.2926295,655.9512141,682.6891151
strip.random,Strip random effects,mg,Mg (ppm),560.5888889,A,Balled-and-burlapped,511.836456,474.200886,552.8098504,498.7237945,529.9296453
strip.random,Strip random effects,mg,Mg (ppm),560.5888889,B,Bareroot,557.6668662,521.1904082,596.3007842,543.9205923,573.9019756
strip.random,Strip random effects,mg,Mg (ppm),560.5888889,C,Seedling,540.71918,504.373801,579.8373748,526.8184167,557.02737
strip.random,Strip random effects,mg,Mg (ppm),560.5888889,D,Acorn,548.6986136,509.1782421,589.2297882,534.9103606,566.4369988
strip.random,Strip random effects,mg,Mg (ppm),560.5888889,E,Seedbank,526.5406355,490.921216,565.9131199,512.3620259,542.2450705
strip.random,Strip random effects,mg,Mg (ppm),560.5888889,R,Reference,667.8481521,620.5302408,717.7489284,650.5296162,686.6912165
strip.plot.random,Strip and plot random effects,mg,Mg (ppm),560.5888889,A,Balled-and-burlapped,511.5674103,467.7221391,559.2750953,495.2465559,531.0056444
strip.plot.random,Strip and plot random effects,mg,Mg (ppm),560.5888889,B,Bareroot,557.1508724,513.6102165,602.9598006,540.7213961,575.7852156
strip.plot.random,Strip and plot random effects,mg,Mg (ppm),560.5888889,C,Seedling,540.3997804,497.1087984,585.7267814,524.7087901,559.4839527
strip.plot.random,Strip and plot random effects,mg,Mg (ppm),560.5888889,D,Acorn,548.1181381,502.049349,597.2232578,530.9685626,567.5134821
strip.plot.random,Strip and plot random effects,mg,Mg (ppm),560.5888889,E,Seedbank,526.2158402,484.1472287,572.3153385,509.9630192,544.5653546
strip.plot.random,Strip and plot random effects,mg,Mg (ppm),560.5888889,R,Reference,667.6293702,611.4555485,730.2977068,646.5459069,689.654767
simple,Fixed effects only,som.percent,SOM (%),5.616666667,A,Balled-and-burlapped,5.126417956,4.879272657,5.380197678,5.032487728,5.237510589
simple,Fixed effects only,som.percent,SOM (%),5.616666667,B,Bareroot,5.567372802,5.322730429,5.826650784,5.472887591,5.676232869
simple,Fixed effects only,som.percent,SOM (%),5.616666667,C,Seedling,5.326506339,5.081377456,5.584553832,5.224276832,5.42941381
simple,Fixed effects only,som.percent,SOM (%),5.616666667,D,Acorn,5.513598596,5.263758546,5.768842216,5.413187854,5.618194716
simple,Fixed effects only,som.percent,SOM (%),5.616666667,E,Seedbank,5.906706306,5.66240592,6.164834568,5.810261354,6.014165418
simple,Fixed effects only,som.percent,SOM (%),5.616666667,R,Reference,6.220618481,5.980315971,6.480711159,6.125301062,6.32780431
strip.random,Strip random effects,som.percent,SOM (%),5.616666667,A,Balled-and-burlapped,5.086867515,4.745578865,5.472506815,4.969316065,5.242297531
strip.random,Strip random effects,som.percent,SOM (%),5.616666667,B,Bareroot,5.565886056,5.246483979,5.905325338,5.441705766,5.698400202
strip.random,Strip random effects,som.percent,SOM (%),5.616666667,C,Seedling,5.324350391,5.008550579,5.652571479,5.216282846,5.468528267
strip.random,Strip random effects,som.percent,SOM (%),5.616666667,D,Acorn,5.499696392,5.138508525,5.882811516,5.368166392,5.644985576
strip.random,Strip random effects,som.percent,SOM (%),5.616666667,E,Seedbank,5.911725736,5.567853939,6.267989963,5.776348026,6.040108903
strip.random,Strip random effects,som.percent,SOM (%),5.616666667,R,Reference,6.22338988,5.735750364,6.731943012,6.050830086,6.388740313
strip.plot.random,Strip and plot random effects,som.percent,SOM (%),5.616666667,A,Balled-and-burlapped,5.094823856,4.735177849,5.492621645,4.970297945,5.258747054
strip.plot.random,Strip and plot random effects,som.percent,SOM (%),5.616666667,B,Bareroot,5.564490181,5.214178224,5.940992217,5.431287992,5.710051254
strip.plot.random,Strip and plot random effects,som.percent,SOM (%),5.616666667,C,Seedling,5.322984088,4.985072841,5.693322306,5.184666348,5.458931263
strip.plot.random,Strip and plot random effects,som.percent,SOM (%),5.616666667,D,Acorn,5.503073595,5.113494427,5.901711427,5.369344383,5.668835398
strip.plot.random,Strip and plot random effects,som.percent,SOM (%),5.616666667,E,Seedbank,5.902658662,5.531385956,6.283186959,5.757257974,6.045664076
strip.plot.random,Strip and plot random effects,som.percent,SOM (%),5.616666667,R,Reference,6.218004693,5.728224847,6.744894427,6.043357694,6.400193055
simple,Fixed effects only,no3.n,NO3-N (ppm),9.31,A,Balled-and-burlapped,9.725268056,8.558690729,11.06738751,9.317861505,10.34286954
simple,Fixed effects only,no3.n,NO3-N (ppm),9.31,B,Bareroot,7.347073447,6.232853141,8.770455874,6.956636184,7.980550748
simple,Fixed effects only,no3.n,NO3-N (ppm),9.31,C,Seedling,8.09173813,6.924551675,9.441601583,7.697035739,8.722041171
simple,Fixed effects only,no3.n,NO3-N (ppm),9.31,D,Acorn,10.88842476,9.728385569,12.25195081,10.42646605,11.45156212
simple,Fixed effects only,no3.n,NO3-N (ppm),9.31,E,Seedbank,9.247068338,8.123761263,10.63448738,8.809211268,9.82003712
simple,Fixed effects only,no3.n,NO3-N (ppm),9.31,R,Reference,9.997365308,8.839801422,11.34175422,9.573944188,10.58657896
strip.random,Strip random effects,no3.n,NO3-N (ppm),9.31,A,Balled-and-burlapped,9.719014303,8.261548397,11.33060512,9.186348352,10.40103957
strip.random,Strip random effects,no3.n,NO3-N (ppm),9.31,B,Bareroot,7.330929073,6.094242385,8.83834759,6.88317941,7.984506927
strip.random,Strip random effects,no3.n,NO3-N (ppm),9.31,C,Seedling,8.067581811,6.785832201,9.592766157,7.649199554,8.778264567
strip.random,Strip random effects,no3.n,NO3-N (ppm),9.31,D,Acorn,10.86080689,9.397776593,12.60572026,10.35377064,11.59822559
strip.random,Strip random effects,no3.n,NO3-N (ppm),9.31,E,Seedbank,9.229541033,7.911047916,10.78899467,8.754065452,9.907291394
strip.random,Strip random effects,no3.n,NO3-N (ppm),9.31,R,Reference,9.989747551,8.352143116,11.85064681,9.438714549,10.74873071
strip.plot.random,Strip and plot random effects,no3.n,NO3-N (ppm),9.31,A,Balled-and-burlapped,9.701868552,8.000783004,11.75970144,9.066755627,10.49470399
strip.plot.random,Strip and plot random effects,no3.n,NO3-N (ppm),9.31,B,Bareroot,7.298546686,5.898489637,9.060282718,6.810942201,8.066792822
strip.plot.random,Strip and plot random effects,no3.n,NO3-N (ppm),9.31,C,Seedling,8.027879525,6.545124289,9.803853643,7.493721255,8.781412404
strip.plot.random,Strip and plot random effects,no3.n,NO3-N (ppm),9.31,D,Acorn,10.826021,8.95580881,12.94096556,10.12764649,11.63755569
strip.plot.random,Strip and plot random effects,no3.n,NO3-N (ppm),9.31,E,Seedbank,9.191384268,7.613151607,11.09828422,8.632134715,9.987382876
strip.plot.random,Strip and plot random effects,no3.n,NO3-N (ppm),9.31,R,Reference,9.94441205,8.00608756,12.22384783,9.226617568,10.79183246
simple,Fixed effects only,nh4.n,NH4-N (ppm),1.081111111,A,Balled-and-burlapped,1.13948063,1.028130156,1.269068198,1.097139842,1.194794242
simple,Fixed effects only,nh4.n,NH4-N (ppm),1.081111111,B,Bareroot,1.105821815,0.994396105,1.23582616,1.064070214,1.16177997
simple,Fixed effects only,nh4.n,NH4-N (ppm),1.081111111,C,Seedling,1.005949352,0.892301228,1.131789016,0.965082118,1.062305499
simple,Fixed effects only,nh4.n,NH4-N (ppm),1.081111111,D,Acorn,1.092784429,0.980290445,1.222388629,1.052093433,1.150959648
simple,Fixed effects only,nh4.n,NH4-N (ppm),1.081111111,E,Seedbank,0.998884001,0.888321342,1.129985313,0.95573191,1.053848594
simple,Fixed effects only,nh4.n,NH4-N (ppm),1.081111111,R,Reference,1.099015131,0.987074561,1.227642436,1.057231072,1.154840745
strip.random,Strip random effects,nh4.n,NH4-N (ppm),1.081111111,A,Balled-and-burlapped,1.142418095,1.003236882,1.304111601,1.089167013,1.207188943
strip.random,Strip random effects,nh4.n,NH4-N (ppm),1.081111111,B,Bareroot,1.103479731,0.970216665,1.245443651,1.055432642,1.166411379
strip.random,Strip random effects,nh4.n,NH4-N (ppm),1.081111111,C,Seedling,1.003312234,0.875650099,1.15092598,0.956541475,1.066824718
strip.random,Strip random effects,nh4.n,NH4-N (ppm),1.081111111,D,Acorn,1.086718435,0.944886343,1.239158499,1.038768034,1.15543185
strip.random,Strip random effects,nh4.n,NH4-N (ppm),1.081111111,E,Seedbank,0.996215968,0.86841553,1.140429137,0.946468938,1.055834755
strip.random,Strip random effects,nh4.n,NH4-N (ppm),1.081111111,R,Reference,1.099272689,0.943699664,1.282991249,1.043411735,1.170394758
strip.plot.random,Strip and plot random effects,nh4.n,NH4-N (ppm),1.081111111,A,Balled-and-burlapped,1.139241385,0.977578311,1.326346413,1.077743303,1.211838162
strip.plot.random,Strip and plot random effects,nh4.n,NH4-N (ppm),1.081111111,B,Bareroot,1.102375947,0.954531305,1.280260639,1.050567378,1.177700699
strip.plot.random,Strip and plot random effects,nh4.n,NH4-N (ppm),1.081111111,C,Seedling,1.001332482,0.859438001,1.174701769,0.944355629,1.066640979
strip.plot.random,Strip and plot random effects,nh4.n,NH4-N (ppm),1.081111111,D,Acorn,1.084325164,0.92856695,1.267798278,1.025821866,1.156578291
strip.plot.random,Strip and plot random effects,nh4.n,NH4-N (ppm),1.081111111,E,Seedbank,0.993695775,0.852327769,1.163960267,0.943455105,1.065674978
strip.plot.random,Strip and plot random effects,nh4.n,NH4-N (ppm),1.081111111,R,Reference,1.097286489,0.9189906,1.298590474,1.030613336,1.17210452
simple,Fixed effects only,cec,CEC (meq/100 g),37.56333333,A,Balled-and-burlapped,37.90488574,36.33139975,39.57651613,37.29495388,38.61334266
simple,Fixed effects only,cec,CEC (meq/100 g),37.56333333,B,Bareroot,36.91674053,35.34620519,38.58748955,36.32940858,37.64024608
simple,Fixed effects only,cec,CEC (meq/100 g),37.56333333,C,Seedling,36.46308648,34.89351947,38.14371017,35.79577374,37.11451786
simple,Fixed effects only,cec,CEC (meq/100 g),37.56333333,D,Acorn,40.19913642,38.63879687,41.8736691,39.61140332,40.92914964
simple,Fixed effects only,cec,CEC (meq/100 g),37.56333333,E,Seedbank,37.73819746,36.17945752,39.38990271,37.097954,38.41538116
simple,Fixed effects only,cec,CEC (meq/100 g),37.56333333,R,Reference,35.92201435,34.33758914,37.57183064,35.29532498,36.60722749
strip.random,Strip random effects,cec,CEC (meq/100 g),37.56333333,A,Balled-and-burlapped,37.72427103,35.35730277,40.18452996,36.9183396,38.72146991
strip.random,Strip random effects,cec,CEC (meq/100 g),37.56333333,B,Bareroot,36.90190539,34.84405757,39.11130503,36.1202131,37.77139276
strip.random,Strip random effects,cec,CEC (meq/100 g),37.56333333,C,Seedling,36.44094553,34.44198967,38.69676843,35.66958223,37.32045531
strip.random,Strip random effects,cec,CEC (meq/100 g),37.56333333,D,Acorn,39.97813655,37.491295,42.48666693,39.11701104,40.96533489
strip.random,Strip random effects,cec,CEC (meq/100 g),37.56333333,E,Seedbank,37.7260993,35.6216185,39.92530434,36.9237666,38.57712982
strip.random,Strip random effects,cec,CEC (meq/100 g),37.56333333,R,Reference,35.97338719,33.18932691,38.95485724,34.91428167,36.96255985
strip.plot.random,Strip and plot random effects,cec,CEC (meq/100 g),37.56333333,A,Balled-and-burlapped,37.77860132,34.90778813,40.8419515,36.67794365,38.89892804
strip.plot.random,Strip and plot random effects,cec,CEC (meq/100 g),37.56333333,B,Bareroot,36.85821596,34.26488725,39.69322121,35.9056703,37.99484033
strip.plot.random,Strip and plot random effects,cec,CEC (meq/100 g),37.56333333,C,Seedling,36.39947635,33.79356492,39.24777433,35.48290565,37.54537673
strip.plot.random,Strip and plot random effects,cec,CEC (meq/100 g),37.56333333,D,Acorn,39.9645464,37.01917097,43.26183366,38.98456626,41.31323926
strip.plot.random,Strip and plot random effects,cec,CEC (meq/100 g),37.56333333,E,Seedbank,37.71797462,35.11207174,40.68222325,36.63452612,38.76400125
strip.plot.random,Strip and plot random effects,cec,CEC (meq/100 g),37.56333333,R,Reference,35.86980865,32.72774453,39.28840959,34.75642198,37.13974241
simple,Fixed effects only,k.meq,K (meq/100 g),0.168888889,A,Balled-and-burlapped,0.157837541,0.134902641,0.186614415,0.149242164,0.17017574
simple,Fixed effects only,k.meq,K (meq/100 g),0.168888889,B,Bareroot,0.15109318,0.127917512,0.1793691,0.142547102,0.163330143
simple,Fixed effects only,k.meq,K (meq/100 g),0.168888889,C,Seedling,0.111006106,0.088992571,0.140809835,0.103577093,0.124599153
simple,Fixed effects only,k.meq,K (meq/100 g),0.168888889,D,Acorn,0.231440997,0.206762823,0.258075897,0.222525662,0.243527161
simple,Fixed effects only,k.meq,K (meq/100 g),0.168888889,E,Seedbank,0.211409959,0.186989418,0.23845032,0.202806545,0.223945645
simple,Fixed effects only,k.meq,K (meq/100 g),0.168888889,R,Reference,0.137705009,0.114730715,0.166245114,0.129896049,0.150726067
strip.random,Strip random effects,k.meq,K (meq/100 g),0.168888889,A,Balled-and-burlapped,0.15635905,0.128616737,0.190635972,0.14691209,0.171357766
strip.random,Strip random effects,k.meq,K (meq/100 g),0.168888889,B,Bareroot,0.150702682,0.124691078,0.182479518,0.142199178,0.165601356
strip.random,Strip random effects,k.meq,K (meq/100 g),0.168888889,C,Seedling,0.110690014,0.086541096,0.142048652,0.102487102,0.125020789
strip.random,Strip random effects,k.meq,K (meq/100 g),0.168888889,D,Acorn,0.231058655,0.197946065,0.268883714,0.219390782,0.246168408
strip.random,Strip random effects,k.meq,K (meq/100 g),0.168888889,E,Seedbank,0.210553468,0.181517098,0.244529659,0.200282347,0.22492967
strip.random,Strip random effects,k.meq,K (meq/100 g),0.168888889,R,Reference,0.137947577,0.108439939,0.173594241,0.127874562,0.153283001
strip.plot.random,Strip and plot random effects,k.meq,K (meq/100 g),0.168888889,A,Balled-and-burlapped,0.155517316,0.12305457,0.195752781,0.144161291,0.172048551
strip.plot.random,Strip and plot random effects,k.meq,K (meq/100 g),0.168888889,B,Bareroot,0.149883028,0.119286484,0.187333036,0.138664207,0.16531064
strip.plot.random,Strip and plot random effects,k.meq,K (meq/100 g),0.168888889,C,Seedling,0.110152387,0.083367775,0.144938905,0.100967167,0.125257472
strip.plot.random,Strip and plot random effects,k.meq,K (meq/100 g),0.168888889,D,Acorn,0.229278669,0.187214916,0.277785956,0.215247542,0.248468391
strip.plot.random,Strip and plot random effects,k.meq,K (meq/100 g),0.168888889,E,Seedbank,0.209229844,0.173036586,0.252182142,0.196334262,0.226088246
strip.plot.random,Strip and plot random effects,k.meq,K (meq/100 g),0.168888889,R,Reference,0.138331776,0.105844688,0.180952257,0.125524506,0.153917066
simple,Fixed effects only,ca.meq,Ca (meq/100 g),32.71222222,A,Balled-and-burlapped,33.47908132,31.98667182,35.04897157,32.89771597,34.13577066
simple,Fixed effects only,ca.meq,Ca (meq/100 g),32.71222222,B,Bareroot,32.09392587,30.6276167,33.67940591,31.51854101,32.75748097
simple,Fixed effects only,ca.meq,Ca (meq/100 g),32.71222222,C,Seedling,31.81980264,30.34946689,33.38137538,31.2363615,32.48574643
simple,Fixed effects only,ca.meq,Ca (meq/100 g),32.71222222,D,Acorn,35.37974795,33.89653292,36.94972576,34.81994129,36.06314689
simple,Fixed effects only,ca.meq,Ca (meq/100 g),32.71222222,E,Seedbank,33.16957941,31.66655105,34.70046524,32.56256185,33.79168676
simple,Fixed effects only,ca.meq,Ca (meq/100 g),32.71222222,R,Reference,30.09163934,28.62322157,31.6703559,29.52622628,30.76340694
strip.random,Strip random effects,ca.meq,Ca (meq/100 g),32.71222222,A,Balled-and-burlapped,33.35402998,31.06660798,35.65411241,32.60570982,34.33028466
strip.random,Strip random effects,ca.meq,Ca (meq/100 g),32.71222222,B,Bareroot,32.06706794,30.14905367,34.15058279,31.3501442,32.91256519
strip.random,Strip random effects,ca.meq,Ca (meq/100 g),32.71222222,C,Seedling,31.79189992,29.85523873,33.86480768,31.09312788,32.64526968
strip.random,Strip random effects,ca.meq,Ca (meq/100 g),32.71222222,D,Acorn,35.13727459,32.88626966,37.6078682,34.39073421,36.15265399
strip.random,Strip random effects,ca.meq,Ca (meq/100 g),32.71222222,E,Seedbank,33.1505363,31.18497025,35.25170598,32.40972818,33.98363038
strip.random,Strip random effects,ca.meq,Ca (meq/100 g),32.71222222,R,Reference,30.09957953,27.56382498,32.79453807,29.2094124,31.08964491
strip.plot.random,Strip and plot random effects,ca.meq,Ca (meq/100 g),32.71222222,A,Balled-and-burlapped,33.3823067,30.51807042,36.55129669,32.25525188,34.54670311
strip.plot.random,Strip and plot random effects,ca.meq,Ca (meq/100 g),32.71222222,B,Bareroot,32.03835162,29.4406036,34.93792188,31.03993375,33.16310232
strip.plot.random,Strip and plot random effects,ca.meq,Ca (meq/100 g),32.71222222,C,Seedling,31.7833056,29.12239409,34.58019319,30.77678986,32.87009144
strip.plot.random,Strip and plot random effects,ca.meq,Ca (meq/100 g),32.71222222,D,Acorn,35.20011236,32.129076,38.48128307,34.09022813,36.47649285
strip.plot.random,Strip and plot random effects,ca.meq,Ca (meq/100 g),32.71222222,E,Seedbank,33.12041023,30.42288238,36.05696773,32.11107634,34.27117754
strip.plot.random,Strip and plot random effects,ca.meq,Ca (meq/100 g),32.71222222,R,Reference,30.06379727,27.13923462,33.32283073,28.95072332,31.23582785
simple,Fixed effects only,mg.meq,Mg (meq/100 g),4.677777778,A,Balled-and-burlapped,4.291017719,4.026510882,4.58329464,4.189686417,4.414598193
simple,Fixed effects only,mg.meq,Mg (meq/100 g),4.677777778,B,Bareroot,4.651073153,4.381835307,4.938405983,4.548053997,4.773673035
simple,Fixed effects only,mg.meq,Mg (meq/100 g),4.677777778,C,Seedling,4.510704159,4.244014433,4.80060392,4.402452111,4.629100801
simple,Fixed effects only,mg.meq,Mg (meq/100 g),4.677777778,D,Acorn,4.576864555,4.307959595,4.862490706,4.469283495,4.694698364
simple,Fixed effects only,mg.meq,Mg (meq/100 g),4.677777778,E,Seedbank,4.404425665,4.138058984,4.694333474,4.304864182,4.530930955
simple,Fixed effects only,mg.meq,Mg (meq/100 g),4.677777778,R,Reference,5.578124086,5.304028325,5.85809058,5.473946893,5.700685028
strip.random,Strip random effects,mg.meq,Mg (meq/100 g),4.677777778,A,Balled-and-burlapped,4.273001592,3.954207147,4.619713748,4.150769409,4.411657061
strip.random,Strip random effects,mg.meq,Mg (meq/100 g),4.677777778,B,Bareroot,4.647591439,4.346993742,4.984465754,4.531029693,4.783699052
strip.random,Strip random effects,mg.meq,Mg (meq/100 g),4.677777778,C,Seedling,4.507867594,4.206334791,4.837997974,4.389908586,4.642555192
strip.random,Strip random effects,mg.meq,Mg (meq/100 g),4.677777778,D,Acorn,4.574240341,4.253414193,4.927337456,4.44678435,4.710858845
strip.random,Strip random effects,mg.meq,Mg (meq/100 g),4.677777778,E,Seedbank,4.401062796,4.096956006,4.72994283,4.284282177,4.537166672
strip.random,Strip random effects,mg.meq,Mg (meq/100 g),4.677777778,R,Reference,5.576586811,5.181375058,6.015679319,5.435800071,5.741970749
strip.plot.random,Strip and plot random effects,mg.meq,Mg (meq/100 g),4.677777778,A,Balled-and-burlapped,4.270619577,3.895596149,4.669439097,4.133640148,4.433044613
strip.plot.random,Strip and plot random effects,mg.meq,Mg (meq/100 g),4.677777778,B,Bareroot,4.643960691,4.276817668,5.041275632,4.50896112,4.807068627
strip.plot.random,Strip and plot random effects,mg.meq,Mg (meq/100 g),4.677777778,C,Seedling,4.504544353,4.144780474,4.900678552,4.362389418,4.658050895
strip.plot.random,Strip and plot random effects,mg.meq,Mg (meq/100 g),4.677777778,D,Acorn,4.570644186,4.185880523,4.984305656,4.424963806,4.733582952
strip.plot.random,Strip and plot random effects,mg.meq,Mg (meq/100 g),4.677777778,E,Seedbank,4.397822874,4.036461209,4.781328754,4.259102402,4.550627986
strip.plot.random,Strip and plot random effects,mg.meq,Mg (meq/100 g),4.677777778,R,Reference,5.57268236,5.091619601,6.103079213,5.397300708,5.767024245
simple,Fixed effects only,tn.percent,TN (%),0.292333333,A,Balled-and-burlapped,0.279722122,0.268100254,0.291888475,0.275501655,0.285177117
simple,Fixed effects only,tn.percent,TN (%),0.292333333,B,Bareroot,0.299075927,0.287267756,0.311051223,0.294674617,0.304349427
simple,Fixed effects only,tn.percent,TN (%),0.292333333,C,Seedling,0.277749648,0.266254002,0.289949429,0.273232038,0.2829206
simple,Fixed effects only,tn.percent,TN (%),0.292333333,D,Acorn,0.289097533,0.277479548,0.301319102,0.284613789,0.294214518
simple,Fixed effects only,tn.percent,TN (%),0.292333333,E,Seedbank,0.282392282,0.271026021,0.294643161,0.277917123,0.287501407
simple,Fixed effects only,tn.percent,TN (%),0.292333333,R,Reference,0.324404509,0.312752821,0.336480032,0.319685733,0.329341247
strip.random,Strip random effects,tn.percent,TN (%),0.292333333,A,Balled-and-burlapped,0.278741899,0.247418582,0.31683192,0.266137563,0.29186301
strip.random,Strip random effects,tn.percent,TN (%),0.292333333,B,Bareroot,0.298888086,0.269617022,0.330289507,0.288015683,0.311005451
strip.random,Strip random effects,tn.percent,TN (%),0.292333333,C,Seedling,0.277181852,0.249903961,0.306619012,0.266542422,0.287969535
strip.random,Strip random effects,tn.percent,TN (%),0.292333333,D,Acorn,0.288172822,0.254398057,0.325533304,0.275938892,0.30249132
strip.random,Strip random effects,tn.percent,TN (%),0.292333333,E,Seedbank,0.281257838,0.254159636,0.312289133,0.270928767,0.292838252
strip.random,Strip random effects,tn.percent,TN (%),0.292333333,R,Reference,0.32430102,0.27343907,0.38386483,0.304566464,0.345498518
strip.plot.random,Strip and plot random effects,tn.percent,TN (%),0.292333333,A,Balled-and-burlapped,0.279405201,0.246770657,0.315456852,0.267038563,0.292387774
strip.plot.random,Strip and plot random effects,tn.percent,TN (%),0.292333333,B,Bareroot,0.298801848,0.269380225,0.334063835,0.287028409,0.312076995
strip.plot.random,Strip and plot random effects,tn.percent,TN (%),0.292333333,C,Seedling,0.277070123,0.249014499,0.309276892,0.265217319,0.288326036
strip.plot.random,Strip and plot random effects,tn.percent,TN (%),0.292333333,D,Acorn,0.287564952,0.255448066,0.325406797,0.275261368,0.301211193
strip.plot.random,Strip and plot random effects,tn.percent,TN (%),0.292333333,E,Seedbank,0.28136397,0.252739224,0.314379888,0.269142668,0.292805754
strip.plot.random,Strip and plot random effects,tn.percent,TN (%),0.292333333,R,Reference,0.324668761,0.282924762,0.374075793,0.308215089,0.340859587
simple,Fixed effects only,tc.percent,TC (%),4.201111111,A,Balled-and-burlapped,4.01395718,3.901166149,4.135056229,3.968054688,4.062970106
simple,Fixed effects only,tc.percent,TC (%),4.201111111,B,Bareroot,4.151178756,4.0359742,4.27013566,4.103601342,4.199113652
simple,Fixed effects only,tc.percent,TC (%),4.201111111,C,Seedling,4.202723909,4.090254491,4.324445269,4.156334313,4.252053241
simple,Fixed effects only,tc.percent,TC (%),4.201111111,D,Acorn,4.142102921,4.024795729,4.257898833,4.09918839,4.194848035
simple,Fixed effects only,tc.percent,TC (%),4.201111111,E,Seedbank,4.246774039,4.131337719,4.365366401,4.199544616,4.294560616
simple,Fixed effects only,tc.percent,TC (%),4.201111111,R,Reference,4.438109222,4.319801439,4.555816145,4.394521365,4.490745446
strip.random,Strip random effects,tc.percent,TC (%),4.201111111,A,Balled-and-burlapped,3.999558597,3.757230068,4.25834638,3.909334811,4.094993065
strip.random,Strip random effects,tc.percent,TC (%),4.201111111,B,Bareroot,4.150478486,3.935619544,4.373209417,4.06375308,4.2274183
strip.random,Strip random effects,tc.percent,TC (%),4.201111111,C,Seedling,4.200595306,3.987866784,4.425566001,4.121254201,4.285544991
strip.random,Strip random effects,tc.percent,TC (%),4.201111111,D,Acorn,4.135666754,3.891671022,4.401334496,4.039239467,4.22868404
strip.random,Strip random effects,tc.percent,TC (%),4.201111111,E,Seedbank,4.244556696,4.028897233,4.473776397,4.160900246,4.327642433
strip.random,Strip random effects,tc.percent,TC (%),4.201111111,R,Reference,4.435597018,4.087187814,4.821183918,4.310288043,4.571174112
strip.plot.random,Strip and plot random effects,tc.percent,TC (%),4.201111111,A,Balled-and-burlapped,3.999039433,3.753111803,4.272351009,3.913923333,4.102325649
strip.plot.random,Strip and plot random effects,tc.percent,TC (%),4.201111111,B,Bareroot,4.15337422,3.921783683,4.391502407,4.062710113,4.23922356
strip.plot.random,Strip and plot random effects,tc.percent,TC (%),4.201111111,C,Seedling,4.193306366,3.961533616,4.438531025,4.110093469,4.288246865
strip.plot.random,Strip and plot random effects,tc.percent,TC (%),4.201111111,D,Acorn,4.137823871,3.8787356,4.390843745,4.047550612,4.237999607
strip.plot.random,Strip and plot random effects,tc.percent,TC (%),4.201111111,E,Seedbank,4.240684942,4.012170534,4.48232716,4.158947557,4.33638262
strip.plot.random,Strip and plot random effects,tc.percent,TC (%),4.201111111,R,Reference,4.433858098,4.103011978,4.802357624,4.313484004,4.552185837
simple,Fixed effects only,toc.percent,SOC (%),3.245333333,A,Balled-and-burlapped,2.920971533,2.791968122,3.055749375,2.868851767,2.976306884
simple,Fixed effects only,toc.percent,SOC (%),3.245333333,B,Bareroot,3.110240457,2.981076834,3.243881118,3.059778183,3.167221778
simple,Fixed effects only,toc.percent,SOC (%),3.245333333,C,Seedling,3.182288348,3.053044997,3.316490949,3.13423929,3.241344112
simple,Fixed effects only,toc.percent,SOC (%),3.245333333,D,Acorn,3.195138208,3.067520263,3.331659505,3.145377966,3.252104796
simple,Fixed effects only,toc.percent,SOC (%),3.245333333,E,Seedbank,3.416784273,3.28706929,3.549963635,3.365908383,3.472846259
simple,Fixed effects only,toc.percent,SOC (%),3.245333333,R,Reference,3.629325688,3.500475274,3.764810402,3.579258453,3.685601675
strip.random,Strip random effects,toc.percent,SOC (%),3.245333333,A,Balled-and-burlapped,2.919199913,2.733101517,3.106943339,2.850957972,2.994629397
strip.random,Strip random effects,toc.percent,SOC (%),3.245333333,B,Bareroot,3.109528059,2.940648012,3.291220998,3.045716992,3.182026257
strip.random,Strip random effects,toc.percent,SOC (%),3.245333333,C,Seedling,3.180532159,3.013515374,3.365083075,3.117324177,3.253654034
strip.random,Strip random effects,toc.percent,SOC (%),3.245333333,D,Acorn,3.202466054,3.009560541,3.410012472,3.132193186,3.282301533
strip.random,Strip random effects,toc.percent,SOC (%),3.245333333,E,Seedbank,3.416074261,3.238111495,3.603353426,3.351933933,3.491813739
strip.random,Strip random effects,toc.percent,SOC (%),3.245333333,R,Reference,3.628486252,3.375454878,3.905738941,3.536943166,3.719057371
strip.plot.random,Strip and plot random effects,toc.percent,SOC (%),3.245333333,A,Balled-and-burlapped,2.919811,2.678339998,3.167857123,2.830758038,3.015668629
strip.plot.random,Strip and plot random effects,toc.percent,SOC (%),3.245333333,B,Bareroot,3.105818899,2.870314261,3.35489077,3.016460894,3.203458901
strip.plot.random,Strip and plot random effects,toc.percent,SOC (%),3.245333333,C,Seedling,3.178487832,2.942774523,3.431348225,3.079119173,3.267690301
strip.plot.random,Strip and plot random effects,toc.percent,SOC (%),3.245333333,D,Acorn,3.196878731,2.940548959,3.470596826,3.10917218,3.309141434
strip.plot.random,Strip and plot random effects,toc.percent,SOC (%),3.245333333,E,Seedbank,3.412455204,3.159434233,3.67864321,3.315249519,3.511500285
strip.plot.random,Strip and plot random effects,toc.percent,SOC (%),3.245333333,R,Reference,3.625636992,3.305749871,3.963891886,3.506496415,3.74421954
simple,Fixed effects only,poc.percent,POC (%),0.649111111,A,Balled-and-burlapped,0.558094698,0.485646314,0.642539655,0.531288738,0.594883201
simple,Fixed effects only,poc.percent,POC (%),0.649111111,B,Bareroot,0.612865089,0.539999105,0.695704944,0.586757596,0.650630148
simple,Fixed effects only,poc.percent,POC (%),0.649111111,C,Seedling,0.575038074,0.502794375,0.659082088,0.548981494,0.612468803
simple,Fixed effects only,poc.percent,POC (%),0.649111111,D,Acorn,0.658986082,0.585765359,0.741745603,0.632782646,0.696366645
simple,Fixed effects only,poc.percent,POC (%),0.649111111,E,Seedbank,0.670632442,0.597880212,0.754712897,0.642379124,0.706571662
simple,Fixed effects only,poc.percent,POC (%),0.649111111,R,Reference,0.787648899,0.713042489,0.869269611,0.759041059,0.822645308
strip.random,Strip random effects,poc.percent,POC (%),0.649111111,A,Balled-and-burlapped,0.558468802,0.457012348,0.68223269,0.519199024,0.604525429
strip.random,Strip random effects,poc.percent,POC (%),0.649111111,B,Bareroot,0.610201577,0.51506787,0.726902299,0.575751018,0.657482693
strip.random,Strip random effects,poc.percent,POC (%),0.649111111,C,Seedling,0.572302484,0.478504828,0.684827104,0.539227115,0.619507998
strip.random,Strip random effects,poc.percent,POC (%),0.649111111,D,Acorn,0.641572613,0.530463556,0.772225378,0.6055358,0.696397917
strip.random,Strip random effects,poc.percent,POC (%),0.649111111,E,Seedbank,0.666873749,0.567726792,0.788269056,0.634281568,0.718896149
strip.random,Strip random effects,poc.percent,POC (%),0.649111111,R,Reference,0.785195624,0.62749782,0.97708677,0.732062482,0.849327844
strip.plot.random,Strip and plot random effects,poc.percent,POC (%),0.649111111,A,Balled-and-burlapped,0.556852168,0.450504193,0.686551489,0.516608878,0.60613999
strip.plot.random,Strip and plot random effects,poc.percent,POC (%),0.649111111,B,Bareroot,0.608748805,0.506641728,0.730899287,0.571753422,0.658115608
strip.plot.random,Strip and plot random effects,poc.percent,POC (%),0.649111111,C,Seedling,0.572152215,0.471972445,0.687899048,0.535958353,0.620103919
strip.plot.random,Strip and plot random effects,poc.percent,POC (%),0.649111111,D,Acorn,0.640657819,0.527587695,0.784789097,0.60518716,0.701600842
strip.plot.random,Strip and plot random effects,poc.percent,POC (%),0.649111111,E,Seedbank,0.666365511,0.558462009,0.793087038,0.626558535,0.716103003
strip.plot.random,Strip and plot random effects,poc.percent,POC (%),0.649111111,R,Reference,0.781879576,0.625543576,0.984513853,0.725982953,0.848512985
simple,Fixed effects only,g475mm,>= 4.75 mm,7.48076142,A,Balled-and-burlapped,6.466393993,5.244751091,8.012021933,6.040109588,7.158493023
simple,Fixed effects only,g475mm,>= 4.75 mm,7.48076142,B,Bareroot,6.54124596,5.319719821,8.091743214,6.15440678,7.280075434
simple,Fixed effects only,g475mm,>= 4.75 mm,7.48076142,C,Seedling,6.235112147,5.01277783,7.783507368,5.85448131,6.974894289
simple,Fixed effects only,g475mm,>= 4.75 mm,7.48076142,D,Acorn,8.979003015,7.716255926,10.48069655,8.547986368,9.662231755
simple,Fixed effects only,g475mm,>= 4.75 mm,7.48076142,E,Seedbank,10.77387036,9.509239925,12.25363342,10.32501005,11.44662879
simple,Fixed effects only,g475mm,>= 4.75 mm,7.48076142,R,Reference,5.046067525,3.893046768,6.665784262,4.6523442,5.769464838
strip.random,Strip random effects,g475mm,>= 4.75 mm,7.48076142,A,Balled-and-burlapped,6.452150553,5.084346988,8.223677351,5.988097837,7.236343834
strip.random,Strip random effects,g475mm,>= 4.75 mm,7.48076142,B,Bareroot,6.530690438,5.215190121,8.235178441,6.07780956,7.281943184
strip.random,Strip random effects,g475mm,>= 4.75 mm,7.48076142,C,Seedling,6.19030469,4.865327151,7.887675626,5.757776268,6.964838108
strip.random,Strip random effects,g475mm,>= 4.75 mm,7.48076142,D,Acorn,8.978760773,7.411749639,10.85053168,8.409120514,9.753091258
strip.random,Strip random effects,g475mm,>= 4.75 mm,7.48076142,E,Seedbank,10.72541765,9.197309324,12.58081954,10.17000957,11.49496458
strip.random,Strip random effects,g475mm,>= 4.75 mm,7.48076142,R,Reference,5.066221241,3.702616311,6.921246368,4.592742386,5.859457419
strip.plot.random,Strip and plot random effects,g475mm,>= 4.75 mm,7.48076142,A,Balled-and-burlapped,6.406900045,4.927672643,8.367535035,5.881978699,7.233127549
strip.plot.random,Strip and plot random effects,g475mm,>= 4.75 mm,7.48076142,B,Bareroot,6.503086591,5.094883323,8.356906472,5.979679201,7.265691557
strip.plot.random,Strip and plot random effects,g475mm,>= 4.75 mm,7.48076142,C,Seedling,6.16450529,4.749727446,7.980089713,5.66613695,6.960713681
strip.plot.random,Strip and plot random effects,g475mm,>= 4.75 mm,7.48076142,D,Acorn,8.925412022,7.170473386,11.04022397,8.331682987,9.812247892
strip.plot.random,Strip and plot random effects,g475mm,>= 4.75 mm,7.48076142,E,Seedbank,10.66032984,8.852126092,12.81397415,10.04015728,11.55814623
strip.plot.random,Strip and plot random effects,g475mm,>= 4.75 mm,7.48076142,R,Reference,5.050506276,3.603993462,7.012202241,4.566554095,5.908802743
simple,Fixed effects only,g2mm,2-4.75 mm,25.26764998,A,Balled-and-burlapped,23.4076083,21.34795959,25.66476916,22.6539564,24.40015914
simple,Fixed effects only,g2mm,2-4.75 mm,25.26764998,B,Bareroot,24.14138018,22.10136792,26.36334685,23.42465479,25.17266021
simple,Fixed effects only,g2mm,2-4.75 mm,25.26764998,C,Seedling,26.29356111,24.20668481,28.51465879,25.53827805,27.27799497
simple,Fixed effects only,g2mm,2-4.75 mm,25.26764998,D,Acorn,26.00360718,23.98202345,28.29449236,25.26455706,27.0151902
simple,Fixed effects only,g2mm,2-4.75 mm,25.26764998,E,Seedbank,26.16293845,24.12123524,28.4017044,25.36890452,27.11111443
simple,Fixed effects only,g2mm,2-4.75 mm,25.26764998,R,Reference,24.99780005,22.96700557,27.27083587,24.23319248,25.9745462
strip.random,Strip random effects,g2mm,2-4.75 mm,25.26764998,A,Balled-and-burlapped,23.67229588,20.12407516,27.80075542,22.32631614,25.19083451
strip.random,Strip random effects,g2mm,2-4.75 mm,25.26764998,B,Bareroot,24.05966739,20.9714045,27.68686168,22.90283388,25.45989176
strip.random,Strip random effects,g2mm,2-4.75 mm,25.26764998,C,Seedling,26.19434241,22.8618057,29.95458944,24.92900879,27.5891649
strip.random,Strip random effects,g2mm,2-4.75 mm,25.26764998,D,Acorn,26.47562416,22.69830783,31.10442814,24.93566724,27.99764517
strip.random,Strip random effects,g2mm,2-4.75 mm,25.26764998,E,Seedbank,26.07921794,22.84833811,29.89358036,24.91175899,27.5710016
strip.random,Strip random effects,g2mm,2-4.75 mm,25.26764998,R,Reference,24.97326711,20.29635672,30.58152078,23.32384309,26.96721083
strip.plot.random,Strip and plot random effects,g2mm,2-4.75 mm,25.26764998,A,Balled-and-burlapped,23.5287972,19.64202871,27.86452095,21.90356929,25.00889264
strip.plot.random,Strip and plot random effects,g2mm,2-4.75 mm,25.26764998,B,Bareroot,24.01835487,20.49548127,28.26190459,22.66039241,25.60172942
strip.plot.random,Strip and plot random effects,g2mm,2-4.75 mm,25.26764998,C,Seedling,26.15878233,22.29634931,30.57682417,24.63054509,27.75468651
strip.plot.random,Strip and plot random effects,g2mm,2-4.75 mm,25.26764998,D,Acorn,26.17721504,22.13645081,31.35289035,24.52450221,27.91183574
strip.plot.random,Strip and plot random effects,g2mm,2-4.75 mm,25.26764998,E,Seedbank,25.99969623,22.14316711,30.43766124,24.50610675,27.64811926
strip.plot.random,Strip and plot random effects,g2mm,2-4.75 mm,25.26764998,R,Reference,24.94268105,20.32993423,30.57506485,23.2116176,26.89727075
simple,Fixed effects only,g250um,0.250-2 mm,48.03663983,A,Balled-and-burlapped,51.59599338,49.48210629,53.7876662,50.78181832,52.52258155
simple,Fixed effects only,g250um,0.250-2 mm,48.03663983,B,Bareroot,50.4968421,48.41078067,52.74850966,49.71158645,51.46321766
simple,Fixed effects only,g250um,0.250-2 mm,48.03663983,C,Seedling,49.9860956,47.8995926,52.19053908,49.21807719,50.97441057
simple,Fixed effects only,g250um,0.250-2 mm,48.03663983,D,Acorn,44.6690487,42.56911653,46.87607629,43.88239293,45.63125312
simple,Fixed effects only,g250um,0.250-2 mm,48.03663983,E,Seedbank,42.92391365,40.84793489,45.1544773,42.09000221,43.85298188
simple,Fixed effects only,g250um,0.250-2 mm,48.03663983,R,Reference,48.24447411,46.14437673,50.45524674,47.43358989,49.18260769
strip.random,Strip random effects,g250um,0.250-2 mm,48.03663983,A,Balled-and-burlapped,51.46898762,48.81371138,54.14192148,50.43495871,52.50417054
strip.random,Strip random effects,g250um,0.250-2 mm,48.03663983,B,Bareroot,50.47997558,48.02897781,52.9700454,49.54602702,51.52478748
strip.random,Strip random effects,g250um,0.250-2 mm,48.03663983,C,Seedling,49.98310316,47.54868258,52.54436256,49.03757593,51.01629517
strip.random,Strip random effects,g250um,0.250-2 mm,48.03663983,D,Acorn,44.64463225,42.13346016,47.2232562,43.64735892,45.68227578
strip.random,Strip random effects,g250um,0.250-2 mm,48.03663983,E,Seedbank,42.89842749,40.59450378,45.39839225,42.00549209,43.93296264
strip.random,Strip random effects,g250um,0.250-2 mm,48.03663983,R,Reference,48.24921378,45.43103037,51.27043164,47.21994407,49.43161401
strip.plot.random,Strip and plot random effects,g250um,0.250-2 mm,48.03663983,A,Balled-and-burlapped,51.46461493,48.56857586,54.43517836,50.45927273,52.74337807
strip.plot.random,Strip and plot random effects,g250um,0.250-2 mm,48.03663983,B,Bareroot,50.44283207,47.82043612,53.31376799,49.39540779,51.54745844
strip.plot.random,Strip and plot random effects,g250um,0.250-2 mm,48.03663983,C,Seedling,49.95498919,47.24770351,52.73328557,48.91034731,51.07689479
strip.plot.random,Strip and plot random effects,g250um,0.250-2 mm,48.03663983,D,Acorn,44.6268351,41.93482198,47.45356978,43.66745658,45.8335788
strip.plot.random,Strip and plot random effects,g250um,0.250-2 mm,48.03663983,E,Seedbank,42.89803631,40.3017527,45.51294813,41.93456603,44.00415362
strip.plot.random,Strip and plot random effects,g250um,0.250-2 mm,48.03663983,R,Reference,48.2151432,45.15449934,51.61734341,47.11684467,49.52369391
simple,Fixed effects only,g53um,0.053-0.250 mm,7.345892833,A,Balled-and-burlapped,8.538021032,7.48918645,9.708497846,8.193067686,9.095481999
simple,Fixed effects only,g53um,0.053-0.250 mm,7.345892833,B,Bareroot,7.802835039,6.757991248,8.972395514,7.448066365,8.350982057
simple,Fixed effects only,g53um,0.053-0.250 mm,7.345892833,C,Seedling,7.548352915,6.529555734,8.757909667,7.189912298,8.082148795
simple,Fixed effects only,g53um,0.053-0.250 mm,7.345892833,D,Acorn,6.940997578,5.910014143,8.144391968,6.576221474,7.480673802
simple,Fixed effects only,g53um,0.053-0.250 mm,7.345892833,E,Seedbank,5.970013576,4.977212341,7.183890322,5.660049463,6.5694071
simple,Fixed effects only,g53um,0.053-0.250 mm,7.345892833,R,Reference,6.728148395,5.713216918,7.947699054,6.360049573,7.257114474
strip.random,Strip random effects,g53um,0.053-0.250 mm,7.345892833,A,Balled-and-burlapped,8.549529472,7.088087404,10.28809139,8.036354039,9.235483213
strip.random,Strip random effects,g53um,0.053-0.250 mm,7.345892833,B,Bareroot,7.743819088,6.447183721,9.245432975,7.304303059,8.396757642
strip.random,Strip random effects,g53um,0.053-0.250 mm,7.345892833,C,Seedling,7.502975106,6.225914408,8.9914761,7.069875465,8.154214147
strip.random,Strip random effects,g53um,0.053-0.250 mm,7.345892833,D,Acorn,6.777059656,5.477561119,8.377908728,6.373874253,7.490061989
strip.random,Strip random effects,g53um,0.053-0.250 mm,7.345892833,E,Seedbank,5.921897428,4.809381801,7.442061132,5.552643006,6.592217442
strip.random,Strip random effects,g53um,0.053-0.250 mm,7.345892833,R,Reference,6.727967477,5.238166666,8.568505653,6.236667528,7.475757927
strip.plot.random,Strip and plot random effects,g53um,0.053-0.250 mm,7.345892833,A,Balled-and-burlapped,8.472981994,6.446633396,11.05311562,7.729306992,9.448787015
strip.plot.random,Strip and plot random effects,g53um,0.053-0.250 mm,7.345892833,B,Bareroot,7.695935062,5.904332964,9.915199996,7.040629052,8.575288266
strip.plot.random,Strip and plot random effects,g53um,0.053-0.250 mm,7.345892833,C,Seedling,7.458631586,5.725648942,9.66910985,6.754012826,8.246191874
strip.plot.random,Strip and plot random effects,g53um,0.053-0.250 mm,7.345892833,D,Acorn,6.77327715,5.103667883,9.008268257,6.205556238,7.693394795
strip.plot.random,Strip and plot random effects,g53um,0.053-0.250 mm,7.345892833,E,Seedbank,5.904875537,4.451744439,7.81040234,5.344182433,6.648890048
strip.plot.random,Strip and plot random effects,g53um,0.053-0.250 mm,7.345892833,R,Reference,6.671001984,4.917381575,9.210620627,5.956404018,7.508635881
simple,Fixed effects only,l53um,<0.053 mm,11.64942695,A,Balled-and-burlapped,9.319881375,7.806138255,11.07997613,8.785160475,10.12872572
simple,Fixed effects only,l53um,<0.053 mm,11.64942695,B,Bareroot,10.2107753,8.703807874,12.0170023,9.654513339,10.99400179
simple,Fixed effects only,l53um,<0.053 mm,11.64942695,C,Seedling,9.109610071,7.644418833,10.94867811,8.588274115,9.937803474
simple,Fixed effects only,l53um,<0.053 mm,11.64942695,D,Acorn,12.71972448,11.20308771,14.52736468,12.14327283,13.48741726
simple,Fixed effects only,l53um,<0.053 mm,11.64942695,E,Seedbank,13.47096295,11.94510468,15.25200843,12.9537627,14.30622739
simple,Fixed effects only,l53um,<0.053 mm,11.64942695,R,Reference,14.27456946,12.73572187,16.04253132,13.72530366,15.05638139
strip.random,Strip random effects,l53um,<0.053 mm,11.64942695,A,Balled-and-burlapped,9.190136154,7.124360223,11.81533867,8.505788539,10.31032522
strip.random,Strip random effects,l53um,<0.053 mm,11.64942695,B,Bareroot,10.15406375,8.180748878,12.56048803,9.366482571,11.06211432
strip.random,Strip random effects,l53um,<0.053 mm,11.64942695,C,Seedling,9.052659058,7.142545965,11.3670963,8.367368654,10.02237361
strip.random,Strip random effects,l53um,<0.053 mm,11.64942695,D,Acorn,12.41474059,9.942499271,15.4413366,11.63437923,13.68139917
strip.random,Strip random effects,l53um,<0.053 mm,11.64942695,E,Seedbank,13.36996825,10.99631024,16.08815782,12.55152714,14.46467736
strip.random,Strip random effects,l53um,<0.053 mm,11.64942695,R,Reference,14.21090479,10.69606187,18.69024668,13.03616599,15.6796303
strip.plot.random,Strip and plot random effects,l53um,<0.053 mm,11.64942695,A,Balled-and-burlapped,9.178621065,7.063956994,11.932907,8.411907011,10.28291822
strip.plot.random,Strip and plot random effects,l53um,<0.053 mm,11.64942695,B,Bareroot,10.12023836,8.010244859,12.74941373,9.364078506,11.20946468
strip.plot.random,Strip and plot random effects,l53um,<0.053 mm,11.64942695,C,Seedling,9.044376124,7.083563372,11.54628393,8.336683761,10.09762298
strip.plot.random,Strip and plot random effects,l53um,<0.053 mm,11.64942695,D,Acorn,12.43052623,9.845160657,15.74383052,11.51788375,13.69629509
strip.plot.random,Strip and plot random effects,l53um,<0.053 mm,11.64942695,E,Seedbank,13.34314278,10.83230523,16.34530439,12.41891529,14.50610468
strip.plot.random,Strip and plot random effects,l53um,<0.053 mm,11.64942695,R,Reference,14.19570815,10.72752652,18.74041903,12.89753951,15.61852596
simple,Fixed effects only,mwd,Mean-weight diameter (mm),1.884310051,A,Balled-and-burlapped,1.807486259,1.693179528,1.930148876,1.762513138,1.858574774
simple,Fixed effects only,mwd,Mean-weight diameter (mm),1.884310051,B,Bareroot,1.823362093,1.708992738,1.945151785,1.780275331,1.876133858
simple,Fixed effects only,mwd,Mean-weight diameter (mm),1.884310051,C,Seedling,1.870636095,1.755426055,1.990818058,1.825811338,1.92101848
simple,Fixed effects only,mwd,Mean-weight diameter (mm),1.884310051,D,Acorn,1.974527528,1.859158073,2.094859949,1.931954121,2.027330098
simple,Fixed effects only,mwd,Mean-weight diameter (mm),1.884310051,E,Seedbank,2.073259882,1.96171955,2.197102305,2.027126929,2.123234359
simple,Fixed effects only,mwd,Mean-weight diameter (mm),1.884310051,R,Reference,1.731918379,1.620967966,1.855495427,1.687541855,1.782580752
strip.random,Strip random effects,mwd,Mean-weight diameter (mm),1.884310051,A,Balled-and-burlapped,1.812732998,1.648445379,1.992432039,1.747451778,1.875781378
strip.random,Strip random effects,mwd,Mean-weight diameter (mm),1.884310051,B,Bareroot,1.822904498,1.672666854,1.981134778,1.763359821,1.882488076
strip.random,Strip random effects,mwd,Mean-weight diameter (mm),1.884310051,C,Seedling,1.867256658,1.721727506,2.029984435,1.809100534,1.928666394
strip.random,Strip random effects,mwd,Mean-weight diameter (mm),1.884310051,D,Acorn,1.988617959,1.814945775,2.179772491,1.921336437,2.057037013
strip.random,Strip random effects,mwd,Mean-weight diameter (mm),1.884310051,E,Seedbank,2.072507077,1.911571604,2.238168783,2.012074772,2.136824861
strip.random,Strip random effects,mwd,Mean-weight diameter (mm),1.884310051,R,Reference,1.733447309,1.546260104,1.953019633,1.665013656,1.810866805
strip.plot.random,Strip and plot random effects,mwd,Mean-weight diameter (mm),1.884310051,A,Balled-and-burlapped,1.806122587,1.629479248,2.008549693,1.738375933,1.882036713
strip.plot.random,Strip and plot random effects,mwd,Mean-weight diameter (mm),1.884310051,B,Bareroot,1.819496928,1.649571224,1.998318271,1.755659669,1.890928806
strip.plot.random,Strip and plot random effects,mwd,Mean-weight diameter (mm),1.884310051,C,Seedling,1.869262598,1.700792777,2.05985581,1.800852766,1.937947512
strip.plot.random,Strip and plot random effects,mwd,Mean-weight diameter (mm),1.884310051,D,Acorn,1.982460864,1.78929867,2.187331634,1.906296027,2.055983947
strip.plot.random,Strip and plot random effects,mwd,Mean-weight diameter (mm),1.884310051,E,Seedbank,2.069922244,1.887396182,2.264884736,2.003655803,2.147610275
strip.plot.random,Strip and plot random effects,mwd,Mean-weight diameter (mm),1.884310051,R,Reference,1.73485808,1.532085777,1.962501106,1.656426851,1.811868116
simple,Fixed effects only,tic.percent,TIC (%),0.955777778,A,Balled-and-burlapped,1.089097263,1.017567,1.164277118,1.060623233,1.120803344
simple,Fixed effects only,tic.percent,TIC (%),0.955777778,B,Bareroot,1.036951852,0.968065874,1.11521564,1.010704291,1.070268155
simple,Fixed effects only,tic.percent,TIC (%),0.955777778,C,Seedling,1.016970297,0.946142153,1.093036677,0.989410094,1.049686605
simple,Fixed effects only,tic.percent,TIC (%),0.955777778,D,Acorn,0.94278542,0.873575785,1.021984029,0.915921776,0.976367225
simple,Fixed effects only,tic.percent,TIC (%),0.955777778,E,Seedbank,0.825441417,0.755281422,0.90205826,0.797774198,0.857977247
simple,Fixed effects only,tic.percent,TIC (%),0.955777778,R,Reference,0.80465581,0.73506236,0.881885657,0.779015742,0.839335873
strip.random,Strip random effects,tic.percent,TIC (%),0.955777778,A,Balled-and-burlapped,1.07313993,0.932392348,1.2339986,1.02471613,1.135394784
strip.random,Strip random effects,tic.percent,TIC (%),0.955777778,B,Bareroot,1.033606983,0.915707178,1.164175785,0.991721988,1.085198233
strip.random,Strip random effects,tic.percent,TIC (%),0.955777778,C,Seedling,1.014096766,0.898176909,1.144850726,0.972048042,1.064831027
strip.random,Strip random effects,tic.percent,TIC (%),0.955777778,D,Acorn,0.922436419,0.794519126,1.066874562,0.879790115,0.980291992
strip.random,Strip random effects,tic.percent,TIC (%),0.955777778,E,Seedbank,0.823837029,0.720782966,0.939531694,0.784320716,0.868486285
strip.random,Strip random effects,tic.percent,TIC (%),0.955777778,R,Reference,0.806701198,0.663920785,0.976092914,0.751594469,0.863454802
strip.plot.random,Strip and plot random effects,tic.percent,TIC (%),0.955777778,A,Balled-and-burlapped,1.07541038,0.883436557,1.30282019,1.002148177,1.160788275
strip.plot.random,Strip and plot random effects,tic.percent,TIC (%),0.955777778,B,Bareroot,1.03256794,0.857152078,1.245471126,0.963858938,1.111970616
strip.plot.random,Strip and plot random effects,tic.percent,TIC (%),0.955777778,C,Seedling,1.008911729,0.839319396,1.218298784,0.939878335,1.084698562
strip.plot.random,Strip and plot random effects,tic.percent,TIC (%),0.955777778,D,Acorn,0.924869412,0.758098756,1.129838163,0.857748162,0.998576396
strip.plot.random,Strip and plot random effects,tic.percent,TIC (%),0.955777778,E,Seedbank,0.825570095,0.682393562,1.000028591,0.770144953,0.892656244
strip.plot.random,Strip and plot random effects,tic.percent,TIC (%),0.955777778,R,Reference,0.803479902,0.642533612,1.006082116,0.742326955,0.876458873
simple,Fixed effects only,maoc.percent,MAOC (%),2.596222222,A,Balled-and-burlapped,2.356982761,2.232975787,2.489206845,2.307859529,2.411647178
simple,Fixed effects only,maoc.percent,MAOC (%),2.596222222,B,Bareroot,2.491535749,2.365817765,2.621832512,2.440308814,2.544477002
simple,Fixed effects only,maoc.percent,MAOC (%),2.596222222,C,Seedling,2.600986794,2.476808386,2.733132625,2.551942125,2.656297055
simple,Fixed effects only,maoc.percent,MAOC (%),2.596222222,D,Acorn,2.530220802,2.40495561,2.661085037,2.482155982,2.585981529
simple,Fixed effects only,maoc.percent,MAOC (%),2.596222222,E,Seedbank,2.740936787,2.615615051,2.870788358,2.692823353,2.797311401
simple,Fixed effects only,maoc.percent,MAOC (%),2.596222222,R,Reference,2.836404111,2.709930875,2.967293482,2.786996949,2.890808595
strip.random,Strip random effects,maoc.percent,MAOC (%),2.596222222,A,Balled-and-burlapped,2.354488006,2.163650935,2.555978636,2.284219663,2.432990298
strip.random,Strip random effects,maoc.percent,MAOC (%),2.596222222,B,Bareroot,2.488884843,2.314712471,2.675231385,2.42391444,2.561255271
strip.random,Strip random effects,maoc.percent,MAOC (%),2.596222222,C,Seedling,2.597209555,2.420341437,2.787312139,2.53010235,2.670787742
strip.random,Strip random effects,maoc.percent,MAOC (%),2.596222222,D,Acorn,2.55839147,2.357644092,2.775834375,2.476757011,2.632915003
strip.random,Strip random effects,maoc.percent,MAOC (%),2.596222222,E,Seedbank,2.739042297,2.556194429,2.934454663,2.672670535,2.817574486
strip.random,Strip random effects,maoc.percent,MAOC (%),2.596222222,R,Reference,2.831415147,2.563363693,3.133327661,2.740836478,2.936454975
strip.plot.random,Strip and plot random effects,maoc.percent,MAOC (%),2.596222222,A,Balled-and-burlapped,2.353540502,2.099331996,2.631969502,2.255358492,2.456651458
strip.plot.random,Strip and plot random effects,maoc.percent,MAOC (%),2.596222222,B,Bareroot,2.487698444,2.241888603,2.768976561,2.388956754,2.588183891
strip.plot.random,Strip and plot random effects,maoc.percent,MAOC (%),2.596222222,C,Seedling,2.598479396,2.33773047,2.885956685,2.491558193,2.69892697
strip.plot.random,Strip and plot random effects,maoc.percent,MAOC (%),2.596222222,D,Acorn,2.535640743,2.264157677,2.833482954,2.431216635,2.644671076
strip.plot.random,Strip and plot random effects,maoc.percent,MAOC (%),2.596222222,E,Seedbank,2.734146664,2.463592835,3.034459118,2.63238361,2.847776724
strip.plot.random,Strip and plot random effects,maoc.percent,MAOC (%),2.596222222,R,Reference,2.831347575,2.500459839,3.203534146,2.708054845,2.96279166
simple,Fixed effects only,poc.maoc.ratio,POC:MAOC ratio,0.257118093,A,Balled-and-burlapped,0.234938635,0.189482555,0.29140377,0.220061881,0.261893639
simple,Fixed effects only,poc.maoc.ratio,POC:MAOC ratio,0.257118093,B,Bareroot,0.245603281,0.200481498,0.302315987,0.230809652,0.272502452
simple,Fixed effects only,poc.maoc.ratio,POC:MAOC ratio,0.257118093,C,Seedling,0.21661459,0.172480768,0.274009398,0.202471061,0.243572328
simple,Fixed effects only,poc.maoc.ratio,POC:MAOC ratio,0.257118093,D,Acorn,0.291025342,0.245137903,0.34709638,0.275339803,0.316617366
simple,Fixed effects only,poc.maoc.ratio,POC:MAOC ratio,0.257118093,E,Seedbank,0.244317125,0.199751453,0.302449299,0.228731537,0.270101369
simple,Fixed effects only,poc.maoc.ratio,POC:MAOC ratio,0.257118093,R,Reference,0.276879722,0.23147865,0.334108752,0.260567457,0.301951077
strip.random,Strip random effects,poc.maoc.ratio,POC:MAOC ratio,0.257118093,A,Balled-and-burlapped,0.233899103,0.17179636,0.312538004,0.211665265,0.265253492
strip.random,Strip random effects,poc.maoc.ratio,POC:MAOC ratio,0.257118093,B,Bareroot,0.243373717,0.185979066,0.317601621,0.223967925,0.275244762
strip.random,Strip random effects,poc.maoc.ratio,POC:MAOC ratio,0.257118093,C,Seedling,0.214242613,0.161290037,0.285858004,0.194656068,0.243276566
strip.random,Strip random effects,poc.maoc.ratio,POC:MAOC ratio,0.257118093,D,Acorn,0.277817572,0.209437329,0.364216873,0.256226336,0.314600201
strip.random,Strip random effects,poc.maoc.ratio,POC:MAOC ratio,0.257118093,E,Seedbank,0.24121842,0.184590821,0.31572442,0.220467528,0.271455723
strip.random,Strip random effects,poc.maoc.ratio,POC:MAOC ratio,0.257118093,R,Reference,0.276027308,0.197066599,0.386657803,0.247840696,0.31426254
strip.plot.random,Strip and plot random effects,poc.maoc.ratio,POC:MAOC ratio,0.257118093,A,Balled-and-burlapped,0.232090987,0.167175028,0.32362481,0.205785962,0.264985005
strip.plot.random,Strip and plot random effects,poc.maoc.ratio,POC:MAOC ratio,0.257118093,B,Bareroot,0.241276838,0.178535364,0.329943083,0.218284857,0.276395323
strip.plot.random,Strip and plot random effects,poc.maoc.ratio,POC:MAOC ratio,0.257118093,C,Seedling,0.21262725,0.153467232,0.29374978,0.19231714,0.248071755
strip.plot.random,Strip and plot random effects,poc.maoc.ratio,POC:MAOC ratio,0.257118093,D,Acorn,0.278498227,0.20179874,0.378687097,0.254551809,0.322570612
strip.plot.random,Strip and plot random effects,poc.maoc.ratio,POC:MAOC ratio,0.257118093,E,Seedbank,0.240080003,0.176803534,0.325827291,0.216205181,0.273791762
strip.plot.random,Strip and plot random effects,poc.maoc.ratio,POC:MAOC ratio,0.257118093,R,Reference,0.274912971,0.189792411,0.391307384,0.241640854,0.313951092
simple,Fixed effects only,cn.ratio,C:N Ratio,14.45771854,A,Balled-and-burlapped,14.35441251,13.96354959,14.75890959,14.20967588,14.53441526
simple,Fixed effects only,cn.ratio,C:N Ratio,14.45771854,B,Bareroot,13.89140623,13.50285425,14.30290485,13.74512832,14.06819708
simple,Fixed effects only,cn.ratio,C:N Ratio,14.45771854,C,Seedling,15.23301618,14.83513865,15.62899978,15.0779955,15.40123005
simple,Fixed effects only,cn.ratio,C:N Ratio,14.45771854,D,Acorn,14.41997489,14.02823276,14.82308617,14.27455662,14.59945782
simple,Fixed effects only,cn.ratio,C:N Ratio,14.45771854,E,Seedbank,15.13031689,14.74137739,15.53873709,14.96709665,15.29381615
simple,Fixed effects only,cn.ratio,C:N Ratio,14.45771854,R,Reference,13.68149452,13.28960247,14.08546715,13.52027898,13.84531483
strip.random,Strip random effects,cn.ratio,C:N Ratio,14.45771854,A,Balled-and-burlapped,14.33803508,13.11154006,15.5934479,13.87498765,14.80079069
strip.random,Strip random effects,cn.ratio,C:N Ratio,14.45771854,B,Bareroot,13.88456576,12.91522214,14.8971235,13.52061938,14.26657608
strip.random,Strip random effects,cn.ratio,C:N Ratio,14.45771854,C,Seedling,15.19720675,14.16689061,16.31318576,14.82773522,15.63300165
strip.random,Strip random effects,cn.ratio,C:N Ratio,14.45771854,D,Acorn,14.41217941,13.20595895,15.6828355,13.97815706,14.90845615
strip.random,Strip random effects,cn.ratio,C:N Ratio,14.45771854,E,Seedbank,15.11386443,14.07214093,16.2221306,14.74061545,15.54706871
strip.random,Strip random effects,cn.ratio,C:N Ratio,14.45771854,R,Reference,13.69275171,12.17998299,15.46077475,13.12646261,14.34736263
strip.plot.random,Strip and plot random effects,cn.ratio,C:N Ratio,14.45771854,A,Balled-and-burlapped,14.34259637,13.1642569,15.59088119,13.91911566,14.83617599
strip.plot.random,Strip and plot random effects,cn.ratio,C:N Ratio,14.45771854,B,Bareroot,13.8995523,12.88887117,15.03331372,13.46058862,14.26970459
strip.plot.random,Strip and plot random effects,cn.ratio,C:N Ratio,14.45771854,C,Seedling,15.19771236,14.06852501,16.3738792,14.76213229,15.64809172
strip.plot.random,Strip and plot random effects,cn.ratio,C:N Ratio,14.45771854,D,Acorn,14.40306771,13.23713026,15.6372392,13.96928314,14.87792832
strip.plot.random,Strip and plot random effects,cn.ratio,C:N Ratio,14.45771854,E,Seedbank,15.09727271,14.00284379,16.27105631,14.68104152,15.55727437
strip.plot.random,Strip and plot random effects,cn.ratio,C:N Ratio,14.45771854,R,Reference,13.67675948,12.38914269,15.0721062,13.19068979,14.15198151
simple,Fixed effects only,tc.stock,TC (Mg/ha),110.4813095,A,Balled-and-burlapped,114.6373802,109.8763909,119.6483308,112.9257634,116.9163241
simple,Fixed effects only,tc.stock,TC (Mg/ha),110.4813095,B,Bareroot,106.5995454,101.7778506,111.6067412,104.7031508,108.713365
simple,Fixed effects only,tc.stock,TC (Mg/ha),110.4813095,C,Seedling,108.2938556,103.5561586,113.2904339,106.4364077,110.376965
simple,Fixed effects only,tc.stock,TC (Mg/ha),110.4813095,D,Acorn,96.18532678,91.38523479,101.1741218,94.34905113,98.33492148
simple,Fixed effects only,tc.stock,TC (Mg/ha),110.4813095,E,Seedbank,112.6700105,107.9563522,117.6960522,110.8533033,114.8339418
simple,Fixed effects only,tc.stock,TC (Mg/ha),110.4813095,R,Reference,123.7828658,118.9662232,128.6565247,121.9122382,125.8571976
strip.random,Strip random effects,tc.stock,TC (Mg/ha),110.4813095,A,Balled-and-burlapped,114.2420044,105.6007041,123.4983043,111.060158,117.6089276
strip.random,Strip random effects,tc.stock,TC (Mg/ha),110.4813095,B,Bareroot,106.5511485,99.26494617,114.3187524,103.8442418,109.5057576
strip.random,Strip random effects,tc.stock,TC (Mg/ha),110.4813095,C,Seedling,108.181664,100.7169377,115.9586718,105.5182009,111.2463218
strip.random,Strip random effects,tc.stock,TC (Mg/ha),110.4813095,D,Acorn,95.67183033,87.89472685,103.9948156,92.985955,98.98866015
strip.random,Strip random effects,tc.stock,TC (Mg/ha),110.4813095,E,Seedbank,112.5089605,104.9909794,120.428442,109.8629836,115.7261294
strip.random,Strip random effects,tc.stock,TC (Mg/ha),110.4813095,R,Reference,123.7327153,111.6098331,137.2690803,119.4702173,128.0758053
strip.plot.random,Strip and plot random effects,tc.stock,TC (Mg/ha),110.4813095,A,Balled-and-burlapped,114.3564791,104.8446826,124.7280265,110.987357,118.3720646
strip.plot.random,Strip and plot random effects,tc.stock,TC (Mg/ha),110.4813095,B,Bareroot,106.3533941,98.27126398,115.3739178,103.4532112,109.9739366
strip.plot.random,Strip and plot random effects,tc.stock,TC (Mg/ha),110.4813095,C,Seedling,108.1591094,99.75255393,117.1166427,104.8867131,111.4393111
strip.plot.random,Strip and plot random effects,tc.stock,TC (Mg/ha),110.4813095,D,Acorn,95.77190201,87.66152619,105.0727111,92.68694157,99.2260422
strip.plot.random,Strip and plot random effects,tc.stock,TC (Mg/ha),110.4813095,E,Seedbank,112.5659288,104.0116745,121.7715021,109.1541427,115.8675064
strip.plot.random,Strip and plot random effects,tc.stock,TC (Mg/ha),110.4813095,R,Reference,123.64509,111.4120249,136.7416265,119.4048351,128.2766972
simple,Fixed effects only,toc.stock,SOC (Mg/ha),85.28119101,A,Balled-and-burlapped,83.43457111,79.39945166,87.70468696,81.76339161,85.12404879
simple,Fixed effects only,toc.stock,SOC (Mg/ha),85.28119101,B,Bareroot,79.79096158,75.66448525,84.00087648,78.27761825,81.64370259
simple,Fixed effects only,toc.stock,SOC (Mg/ha),85.28119101,C,Seedling,81.91403571,77.77530499,86.11517711,80.3096363,83.7035968
simple,Fixed effects only,toc.stock,SOC (Mg/ha),85.28119101,D,Acorn,74.13742826,70.19726,78.58522706,72.58654124,75.98017061
simple,Fixed effects only,toc.stock,SOC (Mg/ha),85.28119101,E,Seedbank,90.71156072,86.54323581,94.87170536,89.07969556,92.46721958
simple,Fixed effects only,toc.stock,SOC (Mg/ha),85.28119101,R,Reference,101.0490095,96.96098838,105.3149125,99.40521945,102.8042403
strip.random,Strip random effects,toc.stock,SOC (Mg/ha),85.28119101,A,Balled-and-burlapped,83.34833238,77.54778213,89.47398124,81.22992352,85.7435637
strip.random,Strip random effects,toc.stock,SOC (Mg/ha),85.28119101,B,Bareroot,79.77041689,74.76840644,85.28365779,77.62394653,81.74204385
strip.random,Strip random effects,toc.stock,SOC (Mg/ha),85.28119101,C,Seedling,81.82904378,76.6330056,87.29431984,79.84940618,83.98669489
strip.random,Strip random effects,toc.stock,SOC (Mg/ha),85.28119101,D,Acorn,74.07499064,68.49258503,79.77075343,71.99508092,76.36612514
strip.random,Strip random effects,toc.stock,SOC (Mg/ha),85.28119101,E,Seedbank,90.62802307,85.23167088,96.34121908,88.59517434,92.86370838
strip.random,Strip random effects,toc.stock,SOC (Mg/ha),85.28119101,R,Reference,100.9222075,92.83523266,109.6838579,98.27324757,103.9410819
strip.plot.random,Strip and plot random effects,toc.stock,SOC (Mg/ha),85.28119101,A,Balled-and-burlapped,83.25290782,75.01916528,92.25689279,80.08989815,86.58821077
strip.plot.random,Strip and plot random effects,toc.stock,SOC (Mg/ha),85.28119101,B,Bareroot,79.64868079,72.04339693,88.00349748,76.56775141,82.62608101
strip.plot.random,Strip and plot random effects,toc.stock,SOC (Mg/ha),85.28119101,C,Seedling,81.76676862,73.99581935,90.06062959,78.92407484,85.07055296
strip.plot.random,Strip and plot random effects,toc.stock,SOC (Mg/ha),85.28119101,D,Acorn,74.00915537,66.57531227,82.37062375,71.37889288,77.38967083
strip.plot.random,Strip and plot random effects,toc.stock,SOC (Mg/ha),85.28119101,E,Seedbank,90.58721175,82.2697468,99.86403832,87.27069911,93.88231713
strip.plot.random,Strip and plot random effects,toc.stock,SOC (Mg/ha),85.28119101,R,Reference,100.9218209,90.16790636,112.8006404,97.06438791,105.2243409
simple,Fixed effects only,maoc.stock,MAOC (Mg/ha),68.22668475,A,Balled-and-burlapped,67.39489319,63.6014596,71.41763711,65.89914398,69.05175108
simple,Fixed effects only,maoc.stock,MAOC (Mg/ha),68.22668475,B,Bareroot,63.83366681,60.07263311,67.86246944,62.40407328,65.57089467
simple,Fixed effects only,maoc.stock,MAOC (Mg/ha),68.22668475,C,Seedling,67.00029619,63.12457507,70.90786925,65.588343,68.73986943
simple,Fixed effects only,maoc.stock,MAOC (Mg/ha),68.22668475,D,Acorn,58.53086274,54.79018434,62.49894807,57.048673,60.17150008
simple,Fixed effects only,maoc.stock,MAOC (Mg/ha),68.22668475,E,Seedbank,72.79566543,68.94554371,76.75357174,71.36037406,74.5233686
simple,Fixed effects only,maoc.stock,MAOC (Mg/ha),68.22668475,R,Reference,79.07616137,75.35518809,83.10135638,77.57224714,80.69484281
strip.random,Strip random effects,maoc.stock,MAOC (Mg/ha),68.22668475,A,Balled-and-burlapped,67.31097325,61.93619052,72.67974818,65.16169981,69.25400451
strip.random,Strip random effects,maoc.stock,MAOC (Mg/ha),68.22668475,B,Bareroot,63.80157099,59.13501872,68.73710529,62.11486854,65.87781593
strip.random,Strip random effects,maoc.stock,MAOC (Mg/ha),68.22668475,C,Seedling,66.98671036,62.18705685,72.03117688,65.18205862,68.99205446
strip.random,Strip random effects,maoc.stock,MAOC (Mg/ha),68.22668475,D,Acorn,58.82764426,53.95628698,64.11297442,56.81340292,60.75871758
strip.random,Strip random effects,maoc.stock,MAOC (Mg/ha),68.22668475,E,Seedbank,72.75788751,67.79452157,78.04049277,70.88657358,74.81377305
strip.random,Strip random effects,maoc.stock,MAOC (Mg/ha),68.22668475,R,Reference,79.13969241,72.19432968,86.6105484,76.62709443,81.58831353
strip.plot.random,Strip and plot random effects,maoc.stock,MAOC (Mg/ha),68.22668475,A,Balled-and-burlapped,67.18561229,59.13900628,76.26393615,64.27854123,70.67966478
strip.plot.random,Strip and plot random effects,maoc.stock,MAOC (Mg/ha),68.22668475,B,Bareroot,63.74640216,56.33515143,71.83694122,60.77656146,66.64164241
strip.plot.random,Strip and plot random effects,maoc.stock,MAOC (Mg/ha),68.22668475,C,Seedling,66.84878367,58.98225418,75.34650176,63.87164434,70.05186786
strip.plot.random,Strip and plot random effects,maoc.stock,MAOC (Mg/ha),68.22668475,D,Acorn,58.53718202,51.31383362,66.54920874,55.77654911,61.5933185
strip.plot.random,Strip and plot random effects,maoc.stock,MAOC (Mg/ha),68.22668475,E,Seedbank,72.58899593,64.65214244,81.74787339,69.49257216,75.95622159
strip.plot.random,Strip and plot random effects,maoc.stock,MAOC (Mg/ha),68.22668475,R,Reference,78.87582402,68.6126583,90.38996418,74.9945338,82.83892614
simple,Fixed effects only,poc.stock,POC (Mg/ha),17.05450626,A,Balled-and-burlapped,15.87934431,13.96482188,18.15134157,15.16404658,16.84792031
simple,Fixed effects only,poc.stock,POC (Mg/ha),17.05450626,B,Bareroot,15.79185741,13.85651411,18.02499452,15.09959005,16.79241632
simple,Fixed effects only,poc.stock,POC (Mg/ha),17.05450626,C,Seedling,14.75216166,12.84482675,17.03734751,14.05084312,15.75441941
simple,Fixed effects only,poc.stock,POC (Mg/ha),17.05450626,D,Acorn,15.45300263,13.51025168,17.72440582,14.7313762,16.42914369
simple,Fixed effects only,poc.stock,POC (Mg/ha),17.05450626,E,Seedbank,17.75595388,15.80152462,20.00178911,16.99130965,18.69924377
simple,Fixed effects only,poc.stock,POC (Mg/ha),17.05450626,R,Reference,21.84003898,19.86432455,24.05430556,21.08919534,22.79768312
strip.random,Strip random effects,poc.stock,POC (Mg/ha),17.05450626,A,Balled-and-burlapped,15.84929833,12.87952556,19.44490431,14.78025872,17.22160378
strip.random,Strip random effects,poc.stock,POC (Mg/ha),17.05450626,B,Bareroot,15.71477036,13.08465576,18.85590771,14.77365107,16.97965798
strip.random,Strip random effects,poc.stock,POC (Mg/ha),17.05450626,C,Seedling,14.66992137,12.11763835,17.80937297,13.70243283,15.87986754
strip.random,Strip random effects,poc.stock,POC (Mg/ha),17.05450626,D,Acorn,14.97881736,12.08123689,18.46488096,13.98331593,16.39060509
strip.random,Strip random effects,poc.stock,POC (Mg/ha),17.05450626,E,Seedbank,17.66298013,14.82404284,20.96791541,16.65769497,19.00773999
strip.random,Strip random effects,poc.stock,POC (Mg/ha),17.05450626,R,Reference,21.7591425,16.98375596,27.70236814,20.21622121,23.70297233
strip.plot.random,Strip and plot random effects,poc.stock,POC (Mg/ha),17.05450626,A,Balled-and-burlapped,15.84986169,12.74089105,19.70286608,14.67384812,17.23986747
strip.plot.random,Strip and plot random effects,poc.stock,POC (Mg/ha),17.05450626,B,Bareroot,15.6414253,12.87040147,19.15282927,14.70157467,17.08826327
strip.plot.random,Strip and plot random effects,poc.stock,POC (Mg/ha),17.05450626,C,Seedling,14.64592386,11.99083477,17.91243944,13.70332639,15.99689238
strip.plot.random,Strip and plot random effects,poc.stock,POC (Mg/ha),17.05450626,D,Acorn,14.96562161,11.98818586,18.67660882,14.06171942,16.61324869
strip.plot.random,Strip and plot random effects,poc.stock,POC (Mg/ha),17.05450626,E,Seedbank,17.63806175,14.65630675,21.20126196,16.54746806,19.05962471
strip.plot.random,Strip and plot random effects,poc.stock,POC (Mg/ha),17.05450626,R,Reference,21.86368835,16.77854692,27.61969226,20.03938855,23.61893177
simple,Fixed effects only,tic.stock,TIC (Mg/ha),25.20011847,A,Balled-and-burlapped,31.12867642,28.86025888,33.44431798,30.31763307,32.20526073
simple,Fixed effects only,tic.stock,TIC (Mg/ha),25.20011847,B,Bareroot,26.72511467,24.53212573,29.15416992,25.89328289,27.77857325
simple,Fixed effects only,tic.stock,TIC (Mg/ha),25.20011847,C,Seedling,26.25968691,24.02968487,28.60849339,25.43855939,27.29911457
simple,Fixed effects only,tic.stock,TIC (Mg/ha),25.20011847,D,Acorn,21.91979307,19.74485511,24.36982973,21.12312814,23.01997866
simple,Fixed effects only,tic.stock,TIC (Mg/ha),25.20011847,E,Seedbank,21.8408873,19.63670858,24.24203113,21.03227888,22.90258029
simple,Fixed effects only,tic.stock,TIC (Mg/ha),25.20011847,R,Reference,22.62167068,20.44038055,25.06287988,21.76508258,23.63542093
strip.random,Strip random effects,tic.stock,TIC (Mg/ha),25.20011847,A,Balled-and-burlapped,30.5978016,26.0714859,35.91747427,28.98870551,32.55181029
strip.random,Strip random effects,tic.stock,TIC (Mg/ha),25.20011847,B,Bareroot,26.60585502,23.08463963,30.64528982,25.2950045,28.13879129
strip.random,Strip random effects,tic.stock,TIC (Mg/ha),25.20011847,C,Seedling,26.15253492,22.66858933,30.13324598,24.94144535,27.77935955
strip.random,Strip random effects,tic.stock,TIC (Mg/ha),25.20011847,D,Acorn,21.46727472,18.00205538,25.63716665,20.27504403,23.180682
strip.random,Strip random effects,tic.stock,TIC (Mg/ha),25.20011847,E,Seedbank,21.76227543,18.74570221,25.51341775,20.55486034,23.12077458
strip.random,Strip random effects,tic.stock,TIC (Mg/ha),25.20011847,R,Reference,22.69563181,18.20328164,28.17215452,21.01346256,24.55313751
strip.plot.random,Strip and plot random effects,tic.stock,TIC (Mg/ha),25.20011847,A,Balled-and-burlapped,30.54507097,24.97891533,37.63652629,28.68190172,33.34406968
strip.plot.random,Strip and plot random effects,tic.stock,TIC (Mg/ha),25.20011847,B,Bareroot,26.52615071,21.85974904,32.32396508,24.71737742,28.59313142
strip.plot.random,Strip and plot random effects,tic.stock,TIC (Mg/ha),25.20011847,C,Seedling,26.01932979,21.58483158,31.40846409,24.27959284,28.07194139
strip.plot.random,Strip and plot random effects,tic.stock,TIC (Mg/ha),25.20011847,D,Acorn,21.61908993,17.50832596,26.62035239,20.12231122,23.58696736
strip.plot.random,Strip and plot random effects,tic.stock,TIC (Mg/ha),25.20011847,E,Seedbank,21.79835316,17.89149586,26.50880295,20.24470081,23.54601845
strip.plot.random,Strip and plot random effects,tic.stock,TIC (Mg/ha),25.20011847,R,Reference,22.61581997,17.67968636,28.40102019,20.63890822,24.52780989
